FAMA-arcade_game_pl_fm.xml , 61 , 2.3051013912E10 , 234
Animation_Loop , Arcade Game , 2.3051013912E10 , 109
Animation_Loop , Board , 2.3051013912E10 , 203
Animation_Loop , Class_Diagram , 2.3051013912E10 , 94
Animation_Loop , Exit_Game , 2.3051013912E10 , 218
Animation_Loop , Game_Menu , 2.3051013912E10 , 94
Animation_Loop , Initialization , 2.3051013912E10 , 203
Animation_Loop , Install_Game , 2.3051013912E10 , 109
Animation_Loop , List_Game , 2.3051013912E10 , 203
Animation_Loop , Menu , 2.3051013912E10 , 93
Animation_Loop , Movable_Sprite , 2.2328689824E10 , 203
Animation_Loop , Paddle , 1.7282961744E10 , 109
Animation_Loop , Play_Game , 2.3051013912E10 , 187
Animation_Loop , Point , 2.3051013912E10 , 94
Animation_Loop , Rectangle , 2.3051013912E10 , 203
Animation_Loop , Save_Game , 2.3051013912E10 , 93
Animation_Loop , Size , 2.3051013912E10 , 187
Animation_Loop , Stationary_Sprite , 2.3050830912E10 , 94
Animation_Loop , Uninstall_Game , 2.3051013912E10 , 203
Animation_Loop , Use_Cases , 2.3051013912E10 , 93
Animation_Loop , Velocity , 2.2328689824E10 , 187
Animation_Loop , Wall , 2.1606177504E10 , 94
Animation_Loop , alley_bowling , 1.1519788032E10 , 187
Animation_Loop , ball_bowling , 1.151845536E10 , 93
Animation_Loop , board_bowling , 1.3165965576E10 , 188
Animation_Loop , board_brickles , 1.3165944592E10 , 93
Animation_Loop , board_pong , 1.3170658376E10 , 187
Animation_Loop , bottom_paddle_pong , 1.1521974496E10 , 94
Animation_Loop , bowling_game_menu , 1.3165965576E10 , 172
Animation_Loop , brick_brickles , 1.1519788032E10 , 93
Animation_Loop , brick_pile_brickles , 1.1519788032E10 , 187
Animation_Loop , brickles_game_menu , 1.3165944592E10 , 94
Animation_Loop , ceiling_brickles , 1.1519788032E10 , 203
Animation_Loop , ceiling_pong , 1.1523328E10 , 93
Animation_Loop , check_previous_best_score , 1.1525506956E10 , 188
Animation_Loop , dividing_line_pong , 1.1523328E10 , 93
Animation_Loop , edge_bowling , 1.1519788032E10 , 187
Animation_Loop , floor_brickles , 1.1519788032E10 , 110
Animation_Loop , floor_pong , 1.1523328E10 , 171
Animation_Loop , game_sprite , 2.3051013912E10 , 109
Animation_Loop , gutter_bowling , 1.1519788032E10 , 188
Animation_Loop , lane_bowling , 1.1519788032E10 , 94
Animation_Loop , left_brickles , 1.151834848E10 , 171
Animation_Loop , left_wall_pong , 1.1521881472E10 , 94
Animation_Loop , menu_bowling , 2.3036904576E10 , 187
Animation_Loop , menu_brickles , 2.3036873152E10 , 94
Animation_Loop , menu_pong , 2.3043942848E10 , 203
Animation_Loop , pin_bowling , 1.151845536E10 , 93
Animation_Loop , play_bowling , 1.3165965576E10 , 187
Animation_Loop , play_brickles , 1.3165944592E10 , 78
Animation_Loop , play_pong , 1.3170658376E10 , 188
Animation_Loop , pong_game_menu , 1.3170658376E10 , 93
Animation_Loop , puck_core_assets , 1.1525510256E10 , 203
Animation_Loop , puck_supply_brickles , 1.1518436576E10 , 94
Animation_Loop , rack_pins_bowling , 1.1519788032E10 , 187
Animation_Loop , right_brickles , 1.151834848E10 , 93
Animation_Loop , right_wall_pong , 1.1521881472E10 , 203
Animation_Loop , save_score , 1.1525506956E10 , 94
Animation_Loop , score_board_pong , 1.1523328E10 , 187
Animation_Loop , sprite_pair , 1.1525506956E10 , 109
Animation_Loop , top_paddle_pong , 1.1521974496E10 , 187
Arcade Game , Board , 2.3051013912E10 , 94
Arcade Game , Class_Diagram , 2.3051013912E10 , 187
Arcade Game , Exit_Game , 2.3051013912E10 , 93
Arcade Game , Game_Menu , 2.3051013912E10 , 188
Arcade Game , Initialization , 2.3051013912E10 , 109
Arcade Game , Install_Game , 2.3051013912E10 , 187
Arcade Game , List_Game , 2.3051013912E10 , 94
Arcade Game , Menu , 2.3051013912E10 , 202
Arcade Game , Movable_Sprite , 2.2328689824E10 , 94
Arcade Game , Paddle , 1.7282961744E10 , 187
Arcade Game , Play_Game , 2.3051013912E10 , 94
Arcade Game , Point , 2.3051013912E10 , 187
Arcade Game , Rectangle , 2.3051013912E10 , 109
Arcade Game , Save_Game , 2.3051013912E10 , 219
Arcade Game , Size , 2.3051013912E10 , 93
Arcade Game , Stationary_Sprite , 2.3050830912E10 , 187
Arcade Game , Uninstall_Game , 2.3051013912E10 , 94
Arcade Game , Use_Cases , 2.3051013912E10 , 203
Arcade Game , Velocity , 2.2328689824E10 , 78
Arcade Game , Wall , 2.1606177504E10 , 203
Arcade Game , alley_bowling , 1.1519788032E10 , 93
Arcade Game , ball_bowling , 1.151845536E10 , 187
Arcade Game , board_bowling , 1.3165965576E10 , 94
Arcade Game , board_brickles , 1.3165944592E10 , 187
Arcade Game , board_pong , 1.3170658376E10 , 94
Arcade Game , bottom_paddle_pong , 1.1521974496E10 , 187
Arcade Game , bowling_game_menu , 1.3165965576E10 , 78
Arcade Game , brick_brickles , 1.1519788032E10 , 187
Arcade Game , brick_pile_brickles , 1.1519788032E10 , 94
Arcade Game , brickles_game_menu , 1.3165944592E10 , 187
Arcade Game , ceiling_brickles , 1.1519788032E10 , 94
Arcade Game , ceiling_pong , 1.1523328E10 , 187
Arcade Game , check_previous_best_score , 1.1525506956E10 , 93
Arcade Game , dividing_line_pong , 1.1523328E10 , 188
Arcade Game , edge_bowling , 1.1519788032E10 , 93
Arcade Game , floor_brickles , 1.1519788032E10 , 187
Arcade Game , floor_pong , 1.1523328E10 , 94
Arcade Game , game_sprite , 2.3051013912E10 , 187
Arcade Game , gutter_bowling , 1.1519788032E10 , 94
Arcade Game , lane_bowling , 1.1519788032E10 , 187
Arcade Game , left_brickles , 1.151834848E10 , 94
Arcade Game , left_wall_pong , 1.1521881472E10 , 171
Arcade Game , menu_bowling , 2.3036904576E10 , 109
Arcade Game , menu_brickles , 2.3036873152E10 , 188
Arcade Game , menu_pong , 2.3043942848E10 , 93
Arcade Game , pin_bowling , 1.151845536E10 , 187
Arcade Game , play_bowling , 1.3165965576E10 , 94
Arcade Game , play_brickles , 1.3165944592E10 , 187
Arcade Game , play_pong , 1.3170658376E10 , 94
Arcade Game , pong_game_menu , 1.3170658376E10 , 203
Arcade Game , puck_core_assets , 1.1525510256E10 , 93
Arcade Game , puck_supply_brickles , 1.1518436576E10 , 187
Arcade Game , rack_pins_bowling , 1.1519788032E10 , 78
Arcade Game , right_brickles , 1.151834848E10 , 188
Arcade Game , right_wall_pong , 1.1521881472E10 , 93
Arcade Game , save_score , 1.1525506956E10 , 203
Arcade Game , score_board_pong , 1.1523328E10 , 94
Arcade Game , sprite_pair , 1.1525506956E10 , 202
Arcade Game , top_paddle_pong , 1.1521974496E10 , 78
Board , Class_Diagram , 2.3051013912E10 , 188
Board , Exit_Game , 2.3051013912E10 , 109
Board , Game_Menu , 2.3051013912E10 , 187
Board , Initialization , 2.3051013912E10 , 94
Board , Install_Game , 2.3051013912E10 , 202
Board , List_Game , 2.3051013912E10 , 110
Board , Menu , 2.3051013912E10 , 202
Board , Movable_Sprite , 2.2328689824E10 , 94
Board , Paddle , 1.7282961744E10 , 172
Board , Play_Game , 2.3051013912E10 , 93
Board , Point , 2.3051013912E10 , 203
Board , Rectangle , 2.3051013912E10 , 94
Board , Save_Game , 2.3051013912E10 , 202
Board , Size , 2.3051013912E10 , 94
Board , Stationary_Sprite , 2.3050830912E10 , 187
Board , Uninstall_Game , 2.3051013912E10 , 94
Board , Use_Cases , 2.3051013912E10 , 187
Board , Velocity , 2.2328689824E10 , 109
Board , Wall , 2.1606177504E10 , 203
Board , alley_bowling , 1.1519788032E10 , 94
Board , ball_bowling , 1.151845536E10 , 187
Board , board_bowling , 1.3165965576E10 , 93
Board , board_brickles , 1.3165944592E10 , 172
Board , board_pong , 1.3170658376E10 , 94
Board , bottom_paddle_pong , 1.1521974496E10 , 187
Board , bowling_game_menu , 1.3165965576E10 , 93
Board , brick_brickles , 1.1519788032E10 , 203
Board , brick_pile_brickles , 1.1519788032E10 , 94
Board , brickles_game_menu , 1.3165944592E10 , 187
Board , ceiling_brickles , 1.1519788032E10 , 78
Board , ceiling_pong , 1.1523328E10 , 187
Board , check_previous_best_score , 1.1525506956E10 , 94
Board , dividing_line_pong , 1.1523328E10 , 187
Board , edge_bowling , 1.1519788032E10 , 109
Board , floor_brickles , 1.1519788032E10 , 187
Board , floor_pong , 1.1523328E10 , 94
Board , game_sprite , 2.3051013912E10 , 187
Board , gutter_bowling , 1.1519788032E10 , 94
Board , lane_bowling , 1.1519788032E10 , 171
Board , left_brickles , 1.151834848E10 , 94
Board , left_wall_pong , 1.1521881472E10 , 203
Board , menu_bowling , 2.3036904576E10 , 109
Board , menu_brickles , 2.3036873152E10 , 172
Board , menu_pong , 2.3043942848E10 , 93
Board , pin_bowling , 1.151845536E10 , 171
Board , play_bowling , 1.3165965576E10 , 94
Board , play_brickles , 1.3165944592E10 , 187
Board , play_pong , 1.3170658376E10 , 94
Board , pong_game_menu , 1.3170658376E10 , 203
Board , puck_core_assets , 1.1525510256E10 , 93
Board , puck_supply_brickles , 1.1518436576E10 , 187
Board , rack_pins_bowling , 1.1519788032E10 , 94
Board , right_brickles , 1.151834848E10 , 187
Board , right_wall_pong , 1.1521881472E10 , 94
Board , save_score , 1.1525506956E10 , 203
Board , score_board_pong , 1.1523328E10 , 93
Board , sprite_pair , 1.1525506956E10 , 203
Board , top_paddle_pong , 1.1521974496E10 , 78
Class_Diagram , Exit_Game , 2.3051013912E10 , 187
Class_Diagram , Game_Menu , 2.3051013912E10 , 94
Class_Diagram , Initialization , 2.3051013912E10 , 187
Class_Diagram , Install_Game , 2.3051013912E10 , 94
Class_Diagram , List_Game , 2.3051013912E10 , 202
Class_Diagram , Menu , 2.3051013912E10 , 94
Class_Diagram , Movable_Sprite , 2.2328689824E10 , 187
Class_Diagram , Paddle , 1.7282961744E10 , 78
Class_Diagram , Play_Game , 2.3051013912E10 , 187
Class_Diagram , Point , 2.3051013912E10 , 94
Class_Diagram , Rectangle , 2.3051013912E10 , 203
Class_Diagram , Save_Game , 2.3051013912E10 , 109
Class_Diagram , Size , 2.3051013912E10 , 187
Class_Diagram , Stationary_Sprite , 2.3050830912E10 , 109
Class_Diagram , Uninstall_Game , 2.3051013912E10 , 188
Class_Diagram , Use_Cases , 2.3051013912E10 , 93
Class_Diagram , Velocity , 2.2328689824E10 , 187
Class_Diagram , Wall , 2.1606177504E10 , 94
Class_Diagram , alley_bowling , 1.1519788032E10 , 187
Class_Diagram , ball_bowling , 1.151845536E10 , 78
Class_Diagram , board_bowling , 1.3165965576E10 , 187
Class_Diagram , board_brickles , 1.3165944592E10 , 78
Class_Diagram , board_pong , 1.3170658376E10 , 219
Class_Diagram , bottom_paddle_pong , 1.1521974496E10 , 93
Class_Diagram , bowling_game_menu , 1.3165965576E10 , 172
Class_Diagram , brick_brickles , 1.1519788032E10 , 109
Class_Diagram , brick_pile_brickles , 1.1519788032E10 , 172
Class_Diagram , brickles_game_menu , 1.3165944592E10 , 93
Class_Diagram , ceiling_brickles , 1.1519788032E10 , 188
Class_Diagram , ceiling_pong , 1.1523328E10 , 93
Class_Diagram , check_previous_best_score , 1.1525506956E10 , 187
Class_Diagram , dividing_line_pong , 1.1523328E10 , 78
Class_Diagram , edge_bowling , 1.1519788032E10 , 203
Class_Diagram , floor_brickles , 1.1519788032E10 , 94
Class_Diagram , floor_pong , 1.1523328E10 , 187
Class_Diagram , game_sprite , 2.3051013912E10 , 94
Class_Diagram , gutter_bowling , 1.1519788032E10 , 187
Class_Diagram , lane_bowling , 1.1519788032E10 , 93
Class_Diagram , left_brickles , 1.151834848E10 , 188
Class_Diagram , left_wall_pong , 1.1521881472E10 , 93
Class_Diagram , menu_bowling , 2.3036904576E10 , 187
Class_Diagram , menu_brickles , 2.3036873152E10 , 94
Class_Diagram , menu_pong , 2.3043942848E10 , 187
Class_Diagram , pin_bowling , 1.151845536E10 , 78
Class_Diagram , play_bowling , 1.3165965576E10 , 187
Class_Diagram , play_brickles , 1.3165944592E10 , 94
Class_Diagram , play_pong , 1.3170658376E10 , 250
Class_Diagram , pong_game_menu , 1.3170658376E10 , 78
Class_Diagram , puck_core_assets , 1.1525510256E10 , 187
Class_Diagram , puck_supply_brickles , 1.1518436576E10 , 125
Class_Diagram , rack_pins_bowling , 1.1519788032E10 , 187
Class_Diagram , right_brickles , 1.151834848E10 , 78
Class_Diagram , right_wall_pong , 1.1521881472E10 , 187
Class_Diagram , save_score , 1.1525506956E10 , 94
Class_Diagram , score_board_pong , 1.1523328E10 , 234
Class_Diagram , sprite_pair , 1.1525506956E10 , 93
Class_Diagram , top_paddle_pong , 1.1521974496E10 , 172
Exit_Game , Game_Menu , 2.3051013912E10 , 93
Exit_Game , Initialization , 2.3051013912E10 , 188
Exit_Game , Install_Game , 2.3051013912E10 , 109
Exit_Game , List_Game , 2.3051013912E10 , 203
Exit_Game , Menu , 2.3051013912E10 , 93
Exit_Game , Movable_Sprite , 2.2328689824E10 , 187
Exit_Game , Paddle , 1.7282961744E10 , 78
Exit_Game , Play_Game , 2.3051013912E10 , 188
Exit_Game , Point , 2.3051013912E10 , 93
Exit_Game , Rectangle , 2.3051013912E10 , 203
Exit_Game , Save_Game , 2.3051013912E10 , 94
Exit_Game , Size , 2.3051013912E10 , 202
Exit_Game , Stationary_Sprite , 2.3050830912E10 , 94
Exit_Game , Uninstall_Game , 2.3051013912E10 , 187
Exit_Game , Use_Cases , 2.3051013912E10 , 94
Exit_Game , Velocity , 2.2328689824E10 , 187
Exit_Game , Wall , 2.1606177504E10 , 94
Exit_Game , alley_bowling , 1.1519788032E10 , 187
Exit_Game , ball_bowling , 1.151845536E10 , 109
Exit_Game , board_bowling , 1.3165965576E10 , 172
Exit_Game , board_brickles , 1.3165944592E10 , 93
Exit_Game , board_pong , 1.3170658376E10 , 187
Exit_Game , bottom_paddle_pong , 1.1521974496E10 , 78
Exit_Game , bowling_game_menu , 1.3165965576E10 , 203
Exit_Game , brick_brickles , 1.1519788032E10 , 78
Exit_Game , brick_pile_brickles , 1.1519788032E10 , 187
Exit_Game , brickles_game_menu , 1.3165944592E10 , 94
Exit_Game , ceiling_brickles , 1.1519788032E10 , 187
Exit_Game , ceiling_pong , 1.1523328E10 , 94
Exit_Game , check_previous_best_score , 1.1525506956E10 , 187
Exit_Game , dividing_line_pong , 1.1523328E10 , 94
Exit_Game , edge_bowling , 1.1519788032E10 , 187
Exit_Game , floor_brickles , 1.1519788032E10 , 78
Exit_Game , floor_pong , 1.1523328E10 , 203
Exit_Game , game_sprite , 2.3051013912E10 , 93
Exit_Game , gutter_bowling , 1.1519788032E10 , 172
Exit_Game , lane_bowling , 1.1519788032E10 , 93
Exit_Game , left_brickles , 1.151834848E10 , 188
Exit_Game , left_wall_pong , 1.1521881472E10 , 93
Exit_Game , menu_bowling , 2.3036904576E10 , 187
Exit_Game , menu_brickles , 2.3036873152E10 , 94
Exit_Game , menu_pong , 2.3043942848E10 , 187
Exit_Game , pin_bowling , 1.151845536E10 , 94
Exit_Game , play_bowling , 1.3165965576E10 , 171
Exit_Game , play_brickles , 1.3165944592E10 , 94
Exit_Game , play_pong , 1.3170658376E10 , 187
Exit_Game , pong_game_menu , 1.3170658376E10 , 94
Exit_Game , puck_core_assets , 1.1525510256E10 , 187
Exit_Game , puck_supply_brickles , 1.1518436576E10 , 94
Exit_Game , rack_pins_bowling , 1.1519788032E10 , 187
Exit_Game , right_brickles , 1.151834848E10 , 93
Exit_Game , right_wall_pong , 1.1521881472E10 , 188
Exit_Game , save_score , 1.1525506956E10 , 93
Exit_Game , score_board_pong , 1.1523328E10 , 187
Exit_Game , sprite_pair , 1.1525506956E10 , 94
Exit_Game , top_paddle_pong , 1.1521974496E10 , 187
Game_Menu , Initialization , 2.3051013912E10 , 94
Game_Menu , Install_Game , 2.3051013912E10 , 203
Game_Menu , List_Game , 2.3051013912E10 , 93
Game_Menu , Menu , 2.3051013912E10 , 187
Game_Menu , Movable_Sprite , 2.2328689824E10 , 94
Game_Menu , Paddle , 1.7282961744E10 , 187
Game_Menu , Play_Game , 2.3051013912E10 , 94
Game_Menu , Point , 2.3051013912E10 , 187
Game_Menu , Rectangle , 2.3051013912E10 , 94
Game_Menu , Save_Game , 2.3051013912E10 , 187
Game_Menu , Size , 2.3051013912E10 , 93
Game_Menu , Stationary_Sprite , 2.3050830912E10 , 203
Game_Menu , Uninstall_Game , 2.3051013912E10 , 94
Game_Menu , Use_Cases , 2.3051013912E10 , 234
Game_Menu , Velocity , 2.2328689824E10 , 93
Game_Menu , Wall , 2.1606177504E10 , 188
Game_Menu , alley_bowling , 1.1519788032E10 , 93
Game_Menu , ball_bowling , 1.151845536E10 , 187
Game_Menu , board_bowling , 1.3165965576E10 , 78
Game_Menu , board_brickles , 1.3165944592E10 , 203
Game_Menu , board_pong , 1.3170658376E10 , 94
Game_Menu , bottom_paddle_pong , 1.1521974496E10 , 203
Game_Menu , bowling_game_menu , 1.3165965576E10 , 93
Game_Menu , brick_brickles , 1.1519788032E10 , 172
Game_Menu , brick_pile_brickles , 1.1519788032E10 , 93
Game_Menu , brickles_game_menu , 1.3165944592E10 , 188
Game_Menu , ceiling_brickles , 1.1519788032E10 , 78
Game_Menu , ceiling_pong , 1.1523328E10 , 187
Game_Menu , check_previous_best_score , 1.1525506956E10 , 93
Game_Menu , dividing_line_pong , 1.1523328E10 , 188
Game_Menu , edge_bowling , 1.1519788032E10 , 93
Game_Menu , floor_brickles , 1.1519788032E10 , 187
Game_Menu , floor_pong , 1.1523328E10 , 94
Game_Menu , game_sprite , 2.3051013912E10 , 203
Game_Menu , gutter_bowling , 1.1519788032E10 , 78
Game_Menu , lane_bowling , 1.1519788032E10 , 187
Game_Menu , left_brickles , 1.151834848E10 , 94
Game_Menu , left_wall_pong , 1.1521881472E10 , 218
Game_Menu , menu_bowling , 2.3036904576E10 , 78
Game_Menu , menu_brickles , 2.3036873152E10 , 187
Game_Menu , menu_pong , 2.3043942848E10 , 94
Game_Menu , pin_bowling , 1.151845536E10 , 203
Game_Menu , play_bowling , 1.3165965576E10 , 93
Game_Menu , play_brickles , 1.3165944592E10 , 203
Game_Menu , play_pong , 1.3170658376E10 , 109
Game_Menu , pong_game_menu , 1.3170658376E10 , 187
Game_Menu , puck_core_assets , 1.1525510256E10 , 94
Game_Menu , puck_supply_brickles , 1.1518436576E10 , 187
Game_Menu , rack_pins_bowling , 1.1519788032E10 , 109
Game_Menu , right_brickles , 1.151834848E10 , 188
Game_Menu , right_wall_pong , 1.1521881472E10 , 93
Game_Menu , save_score , 1.1525506956E10 , 187
Game_Menu , score_board_pong , 1.1523328E10 , 94
Game_Menu , sprite_pair , 1.1525506956E10 , 187
Game_Menu , top_paddle_pong , 1.1521974496E10 , 94
Initialization , Install_Game , 2.3051013912E10 , 203
Initialization , List_Game , 2.3051013912E10 , 93
Initialization , Menu , 2.3051013912E10 , 187
Initialization , Movable_Sprite , 2.2328689824E10 , 94
Initialization , Paddle , 1.7282961744E10 , 187
Initialization , Play_Game , 2.3051013912E10 , 94
Initialization , Point , 2.3051013912E10 , 187
Initialization , Rectangle , 2.3051013912E10 , 94
Initialization , Save_Game , 2.3051013912E10 , 202
Initialization , Size , 2.3051013912E10 , 94
Initialization , Stationary_Sprite , 2.3050830912E10 , 187
Initialization , Uninstall_Game , 2.3051013912E10 , 94
Initialization , Use_Cases , 2.3051013912E10 , 187
Initialization , Velocity , 2.2328689824E10 , 94
Initialization , Wall , 2.1606177504E10 , 218
Initialization , alley_bowling , 1.1519788032E10 , 94
Initialization , ball_bowling , 1.151845536E10 , 171
Initialization , board_bowling , 1.3165965576E10 , 94
Initialization , board_brickles , 1.3165944592E10 , 171
Initialization , board_pong , 1.3170658376E10 , 94
Initialization , bottom_paddle_pong , 1.1521974496E10 , 187
Initialization , bowling_game_menu , 1.3165965576E10 , 78
Initialization , brick_brickles , 1.1519788032E10 , 187
Initialization , brick_pile_brickles , 1.1519788032E10 , 94
Initialization , brickles_game_menu , 1.3165944592E10 , 187
Initialization , ceiling_brickles , 1.1519788032E10 , 78
Initialization , ceiling_pong , 1.1523328E10 , 187
Initialization , check_previous_best_score , 1.1525506956E10 , 94
Initialization , dividing_line_pong , 1.1523328E10 , 187
Initialization , edge_bowling , 1.1519788032E10 , 94
Initialization , floor_brickles , 1.1519788032E10 , 187
Initialization , floor_pong , 1.1523328E10 , 94
Initialization , game_sprite , 2.3051013912E10 , 187
Initialization , gutter_bowling , 1.1519788032E10 , 78
Initialization , lane_bowling , 1.1519788032E10 , 187
Initialization , left_brickles , 1.151834848E10 , 94
Initialization , left_wall_pong , 1.1521881472E10 , 202
Initialization , menu_bowling , 2.3036904576E10 , 78
Initialization , menu_brickles , 2.3036873152E10 , 188
Initialization , menu_pong , 2.3043942848E10 , 93
Initialization , pin_bowling , 1.151845536E10 , 187
Initialization , play_bowling , 1.3165965576E10 , 94
Initialization , play_brickles , 1.3165944592E10 , 187
Initialization , play_pong , 1.3170658376E10 , 94
Initialization , pong_game_menu , 1.3170658376E10 , 187
Initialization , puck_core_assets , 1.1525510256E10 , 94
Initialization , puck_supply_brickles , 1.1518436576E10 , 187
Initialization , rack_pins_bowling , 1.1519788032E10 , 93
Initialization , right_brickles , 1.151834848E10 , 188
Initialization , right_wall_pong , 1.1521881472E10 , 78
Initialization , save_score , 1.1525506956E10 , 202
Initialization , score_board_pong , 1.1523328E10 , 94
Initialization , sprite_pair , 1.1525506956E10 , 203
Initialization , top_paddle_pong , 1.1521974496E10 , 78
Install_Game , List_Game , 2.3051013912E10 , 203
Install_Game , Menu , 2.3051013912E10 , 93
Install_Game , Movable_Sprite , 2.2328689824E10 , 187
Install_Game , Paddle , 1.7282961744E10 , 78
Install_Game , Play_Game , 2.3051013912E10 , 203
Install_Game , Point , 2.3051013912E10 , 94
Install_Game , Rectangle , 2.3051013912E10 , 187
Install_Game , Save_Game , 2.3051013912E10 , 94
Install_Game , Size , 2.3051013912E10 , 202
Install_Game , Stationary_Sprite , 2.3050830912E10 , 94
Install_Game , Uninstall_Game , 2.3051013912E10 , 187
Install_Game , Use_Cases , 2.3051013912E10 , 109
Install_Game , Velocity , 2.2328689824E10 , 188
Install_Game , Wall , 2.1606177504E10 , 93
Install_Game , alley_bowling , 1.1519788032E10 , 187
Install_Game , ball_bowling , 1.151845536E10 , 78
Install_Game , board_bowling , 1.3165965576E10 , 188
Install_Game , board_brickles , 1.3165944592E10 , 93
Install_Game , board_pong , 1.3170658376E10 , 187
Install_Game , bottom_paddle_pong , 1.1521974496E10 , 94
Install_Game , bowling_game_menu , 1.3165965576E10 , 187
Install_Game , brick_brickles , 1.1519788032E10 , 94
Install_Game , brick_pile_brickles , 1.1519788032E10 , 187
Install_Game , brickles_game_menu , 1.3165944592E10 , 78
Install_Game , ceiling_brickles , 1.1519788032E10 , 187
Install_Game , ceiling_pong , 1.1523328E10 , 94
Install_Game , check_previous_best_score , 1.1525506956E10 , 203
Install_Game , dividing_line_pong , 1.1523328E10 , 78
Install_Game , edge_bowling , 1.1519788032E10 , 202
Install_Game , floor_brickles , 1.1519788032E10 , 78
Install_Game , floor_pong , 1.1523328E10 , 188
Install_Game , game_sprite , 2.3051013912E10 , 93
Install_Game , gutter_bowling , 1.1519788032E10 , 203
Install_Game , lane_bowling , 1.1519788032E10 , 78
Install_Game , left_brickles , 1.151834848E10 , 187
Install_Game , left_wall_pong , 1.1521881472E10 , 94
Install_Game , menu_bowling , 2.3036904576E10 , 203
Install_Game , menu_brickles , 2.3036873152E10 , 78
Install_Game , menu_pong , 2.3043942848E10 , 187
Install_Game , pin_bowling , 1.151845536E10 , 78
Install_Game , play_bowling , 1.3165965576E10 , 234
Install_Game , play_brickles , 1.3165944592E10 , 78
Install_Game , play_pong , 1.3170658376E10 , 188
Install_Game , pong_game_menu , 1.3170658376E10 , 93
Install_Game , puck_core_assets , 1.1525510256E10 , 203
Install_Game , puck_supply_brickles , 1.1518436576E10 , 94
Install_Game , rack_pins_bowling , 1.1519788032E10 , 187
Install_Game , right_brickles , 1.151834848E10 , 93
Install_Game , right_wall_pong , 1.1521881472E10 , 188
Install_Game , save_score , 1.1525506956E10 , 93
Install_Game , score_board_pong , 1.1523328E10 , 187
Install_Game , sprite_pair , 1.1525506956E10 , 94
Install_Game , top_paddle_pong , 1.1521974496E10 , 187
List_Game , Menu , 2.3051013912E10 , 94
List_Game , Movable_Sprite , 2.2328689824E10 , 187
List_Game , Paddle , 1.7282961744E10 , 94
List_Game , Play_Game , 2.3051013912E10 , 187
List_Game , Point , 2.3051013912E10 , 93
List_Game , Rectangle , 2.3051013912E10 , 203
List_Game , Save_Game , 2.3051013912E10 , 94
List_Game , Size , 2.3051013912E10 , 187
List_Game , Stationary_Sprite , 2.3050830912E10 , 109
List_Game , Uninstall_Game , 2.3051013912E10 , 187
List_Game , Use_Cases , 2.3051013912E10 , 94
List_Game , Velocity , 2.2328689824E10 , 187
List_Game , Wall , 2.1606177504E10 , 109
List_Game , alley_bowling , 1.1519788032E10 , 172
List_Game , ball_bowling , 1.151845536E10 , 94
List_Game , board_bowling , 1.3165965576E10 , 187
List_Game , board_brickles , 1.3165944592E10 , 93
List_Game , board_pong , 1.3170658376E10 , 188
List_Game , bottom_paddle_pong , 1.1521974496E10 , 93
List_Game , bowling_game_menu , 1.3165965576E10 , 187
List_Game , brick_brickles , 1.1519788032E10 , 78
List_Game , brick_pile_brickles , 1.1519788032E10 , 187
List_Game , brickles_game_menu , 1.3165944592E10 , 94
List_Game , ceiling_brickles , 1.1519788032E10 , 187
List_Game , ceiling_pong , 1.1523328E10 , 78
List_Game , check_previous_best_score , 1.1525506956E10 , 187
List_Game , dividing_line_pong , 1.1523328E10 , 94
List_Game , edge_bowling , 1.1519788032E10 , 187
List_Game , floor_brickles , 1.1519788032E10 , 78
List_Game , floor_pong , 1.1523328E10 , 187
List_Game , game_sprite , 2.3051013912E10 , 109
List_Game , gutter_bowling , 1.1519788032E10 , 187
List_Game , lane_bowling , 1.1519788032E10 , 94
List_Game , left_brickles , 1.151834848E10 , 187
List_Game , left_wall_pong , 1.1521881472E10 , 94
List_Game , menu_bowling , 2.3036904576E10 , 187
List_Game , menu_brickles , 2.3036873152E10 , 93
List_Game , menu_pong , 2.3043942848E10 , 203
List_Game , pin_bowling , 1.151845536E10 , 78
List_Game , play_bowling , 1.3165965576E10 , 187
List_Game , play_brickles , 1.3165944592E10 , 94
List_Game , play_pong , 1.3170658376E10 , 203
List_Game , pong_game_menu , 1.3170658376E10 , 93
List_Game , puck_core_assets , 1.1525510256E10 , 188
List_Game , puck_supply_brickles , 1.1518436576E10 , 93
List_Game , rack_pins_bowling , 1.1519788032E10 , 187
List_Game , right_brickles , 1.151834848E10 , 94
List_Game , right_wall_pong , 1.1521881472E10 , 187
List_Game , save_score , 1.1525506956E10 , 94
List_Game , score_board_pong , 1.1523328E10 , 187
List_Game , sprite_pair , 1.1525506956E10 , 94
List_Game , top_paddle_pong , 1.1521974496E10 , 202
Menu , Movable_Sprite , 2.2328689824E10 , 94
Menu , Paddle , 1.7282961744E10 , 172
Menu , Play_Game , 2.3051013912E10 , 93
Menu , Point , 2.3051013912E10 , 187
Menu , Rectangle , 2.3051013912E10 , 94
Menu , Save_Game , 2.3051013912E10 , 203
Menu , Size , 2.3051013912E10 , 93
Menu , Stationary_Sprite , 2.3050830912E10 , 188
Menu , Uninstall_Game , 2.3051013912E10 , 93
Menu , Use_Cases , 2.3051013912E10 , 187
Menu , Velocity , 2.2328689824E10 , 94
Menu , Wall , 2.1606177504E10 , 187
Menu , alley_bowling , 1.1519788032E10 , 94
Menu , ball_bowling , 1.151845536E10 , 187
Menu , board_bowling , 1.3165965576E10 , 94
Menu , board_brickles , 1.3165944592E10 , 171
Menu , board_pong , 1.3170658376E10 , 94
Menu , bottom_paddle_pong , 1.1521974496E10 , 187
Menu , bowling_game_menu , 1.3165965576E10 , 78
Menu , brick_brickles , 1.1519788032E10 , 187
Menu , brick_pile_brickles , 1.1519788032E10 , 94
Menu , brickles_game_menu , 1.3165944592E10 , 187
Menu , ceiling_brickles , 1.1519788032E10 , 94
Menu , ceiling_pong , 1.1523328E10 , 187
Menu , check_previous_best_score , 1.1525506956E10 , 93
Menu , dividing_line_pong , 1.1523328E10 , 188
Menu , edge_bowling , 1.1519788032E10 , 93
Menu , floor_brickles , 1.1519788032E10 , 187
Menu , floor_pong , 1.1523328E10 , 94
Menu , game_sprite , 2.3051013912E10 , 202
Menu , gutter_bowling , 1.1519788032E10 , 94
Menu , lane_bowling , 1.1519788032E10 , 187
Menu , left_brickles , 1.151834848E10 , 94
Menu , left_wall_pong , 1.1521881472E10 , 187
Menu , menu_bowling , 2.3036904576E10 , 94
Menu , menu_brickles , 2.3036873152E10 , 202
Menu , menu_pong , 2.3043942848E10 , 110
Menu , pin_bowling , 1.151845536E10 , 187
Menu , play_bowling , 1.3165965576E10 , 93
Menu , play_brickles , 1.3165944592E10 , 203
Menu , play_pong , 1.3170658376E10 , 94
Menu , pong_game_menu , 1.3170658376E10 , 187
Menu , puck_core_assets , 1.1525510256E10 , 109
Menu , puck_supply_brickles , 1.1518436576E10 , 187
Menu , rack_pins_bowling , 1.1519788032E10 , 94
Menu , right_brickles , 1.151834848E10 , 187
Menu , right_wall_pong , 1.1521881472E10 , 94
Menu , save_score , 1.1525506956E10 , 188
Menu , score_board_pong , 1.1523328E10 , 93
Menu , sprite_pair , 1.1525506956E10 , 203
Menu , top_paddle_pong , 1.1521974496E10 , 109
Movable_Sprite , Paddle , 1.7282961744E10 , 187
Movable_Sprite , Play_Game , 2.2328689824E10 , 94
Movable_Sprite , Point , 2.2328689824E10 , 187
Movable_Sprite , Rectangle , 2.2328689824E10 , 94
Movable_Sprite , Save_Game , 2.2328689824E10 , 203
Movable_Sprite , Size , 2.2328689824E10 , 109
Movable_Sprite , Stationary_Sprite , 2.2328506824E10 , 234
Movable_Sprite , Uninstall_Game , 2.2328689824E10 , 93
Movable_Sprite , Use_Cases , 2.2328689824E10 , 188
Movable_Sprite , Velocity , 2.2328689824E10 , 93
Movable_Sprite , Wall , 2.092924752E10 , 187
Movable_Sprite , alley_bowling , 1.1159462784E10 , 94
Movable_Sprite , ball_bowling , 1.151845536E10 , 187
Movable_Sprite , board_bowling , 1.2754090704E10 , 94
Movable_Sprite , board_brickles , 1.2753188304E10 , 187
Movable_Sprite , board_pong , 1.2758196904E10 , 94
Movable_Sprite , bottom_paddle_pong , 1.1521974496E10 , 171
Movable_Sprite , bowling_game_menu , 1.2754090704E10 , 94
Movable_Sprite , brick_brickles , 1.1158798848E10 , 171
Movable_Sprite , brick_pile_brickles , 1.1158798848E10 , 110
Movable_Sprite , brickles_game_menu , 1.2753188304E10 , 187
Movable_Sprite , ceiling_brickles , 1.1158798848E10 , 78
Movable_Sprite , ceiling_pong , 1.1162560256E10 , 187
Movable_Sprite , check_previous_best_score , 1.1164344912E10 , 94
Movable_Sprite , dividing_line_pong , 1.1162560256E10 , 187
Movable_Sprite , edge_bowling , 1.1159462784E10 , 93
Movable_Sprite , floor_brickles , 1.1158798848E10 , 203
Movable_Sprite , floor_pong , 1.1162560256E10 , 78
Movable_Sprite , game_sprite , 2.2328689824E10 , 187
Movable_Sprite , gutter_bowling , 1.1159462784E10 , 94
Movable_Sprite , lane_bowling , 1.1159462784E10 , 172
Movable_Sprite , left_brickles , 1.1157407552E10 , 93
Movable_Sprite , left_wall_pong , 1.1161161536E10 , 187
Movable_Sprite , menu_bowling , 2.2316344488E10 , 78
Movable_Sprite , menu_brickles , 2.2314991296E10 , 203
Movable_Sprite , menu_pong , 2.2322502976E10 , 94
Movable_Sprite , pin_bowling , 1.151845536E10 , 203
Movable_Sprite , play_bowling , 1.2754090704E10 , 78
Movable_Sprite , play_brickles , 1.2753188304E10 , 187
Movable_Sprite , play_pong , 1.2758196904E10 , 93
Movable_Sprite , pong_game_menu , 1.2758196904E10 , 172
Movable_Sprite , puck_core_assets , 1.1525510256E10 , 109
Movable_Sprite , puck_supply_brickles , 1.1157495648E10 , 187
Movable_Sprite , rack_pins_bowling , 1.1159462784E10 , 78
Movable_Sprite , right_brickles , 1.1157407552E10 , 188
Movable_Sprite , right_wall_pong , 1.1161161536E10 , 93
Movable_Sprite , save_score , 1.1164344912E10 , 187
Movable_Sprite , score_board_pong , 1.1162560256E10 , 78
Movable_Sprite , sprite_pair , 1.1164344912E10 , 203
Movable_Sprite , top_paddle_pong , 1.1521974496E10 , 78
Paddle , Play_Game , 1.7282961744E10 , 187
Paddle , Point , 1.7282961744E10 , 78
Paddle , Rectangle , 1.7282961744E10 , 187
Paddle , Save_Game , 1.7282961744E10 , 94
Paddle , Size , 1.7282961744E10 , 171
Paddle , Stationary_Sprite , 1.7282822208E10 , 94
Paddle , Uninstall_Game , 1.7282961744E10 , 187
Paddle , Use_Cases , 1.7282961744E10 , 94
Paddle , Velocity , 1.7282961744E10 , 187
Paddle , Wall , 1.6200658512E10 , 94
Paddle , alley_bowling , 8.637186048E9 , 187
Paddle , ball_bowling , 8.636190432E9 , 78
Paddle , board_bowling , 9.870941568E9 , 187
Paddle , board_brickles , 9.870926016E9 , 94
Paddle , board_pong , 9.877996464E9 , 187
Paddle , bottom_paddle_pong , 1.1521974496E10 , 78
Paddle , bowling_game_menu , 9.870941568E9 , 187
Paddle , brick_brickles , 8.637186048E9 , 94
Paddle , brick_pile_brickles , 8.637186048E9 , 171
Paddle , brickles_game_menu , 9.870926016E9 , 94
Paddle , ceiling_brickles , 8.637186048E9 , 187
Paddle , ceiling_pong , 8.642496E9 , 94
Paddle , check_previous_best_score , 8.641480872E9 , 171
Paddle , dividing_line_pong , 8.642496E9 , 94
Paddle , edge_bowling , 8.637186048E9 , 187
Paddle , floor_brickles , 8.637186048E9 , 78
Paddle , floor_pong , 8.642496E9 , 172
Paddle , game_sprite , 1.7282961744E10 , 93
Paddle , gutter_bowling , 8.637186048E9 , 187
Paddle , lane_bowling , 8.637186048E9 , 94
Paddle , left_brickles , 8.636111616E9 , 172
Paddle , left_wall_pong , 8.641411104E9 , 93
Paddle , menu_bowling , 1.7272380864E10 , 172
Paddle , menu_brickles , 1.7272357536E10 , 93
Paddle , menu_pong , 1.7282961744E10 , 172
Paddle , pin_bowling , 8.636190432E9 , 94
Paddle , play_bowling , 9.870941568E9 , 187
Paddle , play_brickles , 9.870926016E9 , 78
Paddle , play_pong , 9.877996464E9 , 187
Paddle , pong_game_menu , 9.877996464E9 , 78
Paddle , puck_core_assets , 8.641480872E9 , 187
Paddle , puck_supply_brickles , 8.636178768E9 , 94
Paddle , rack_pins_bowling , 8.637186048E9 , 171
Paddle , right_brickles , 8.636111616E9 , 94
Paddle , right_wall_pong , 8.641411104E9 , 187
Paddle , save_score , 8.641480872E9 , 94
Paddle , score_board_pong , 8.642496E9 , 171
Paddle , sprite_pair , 8.641480872E9 , 94
Paddle , top_paddle_pong , 1.1521974496E10 , 187
Play_Game , Point , 2.3051013912E10 , 78
Play_Game , Rectangle , 2.3051013912E10 , 203
Play_Game , Save_Game , 2.3051013912E10 , 93
Play_Game , Size , 2.3051013912E10 , 187
Play_Game , Stationary_Sprite , 2.3050830912E10 , 94
Play_Game , Uninstall_Game , 2.3051013912E10 , 187
Play_Game , Use_Cases , 2.3051013912E10 , 109
Play_Game , Velocity , 2.2328689824E10 , 188
Play_Game , Wall , 2.1606177504E10 , 93
Play_Game , alley_bowling , 1.1519788032E10 , 187
Play_Game , ball_bowling , 1.151845536E10 , 94
Play_Game , board_bowling , 1.3165965576E10 , 172
Play_Game , board_brickles , 1.3165944592E10 , 93
Play_Game , board_pong , 1.3170658376E10 , 187
Play_Game , bottom_paddle_pong , 1.1521974496E10 , 94
Play_Game , bowling_game_menu , 1.3165965576E10 , 172
Play_Game , brick_brickles , 1.1519788032E10 , 93
Play_Game , brick_pile_brickles , 1.1519788032E10 , 187
Play_Game , brickles_game_menu , 1.3165944592E10 , 94
Play_Game , ceiling_brickles , 1.1519788032E10 , 172
Play_Game , ceiling_pong , 1.1523328E10 , 93
Play_Game , check_previous_best_score , 1.1525506956E10 , 187
Play_Game , dividing_line_pong , 1.1523328E10 , 78
Play_Game , edge_bowling , 1.1519788032E10 , 203
Play_Game , floor_brickles , 1.1519788032E10 , 78
Play_Game , floor_pong , 1.1523328E10 , 187
Play_Game , game_sprite , 2.3051013912E10 , 94
Play_Game , gutter_bowling , 1.1519788032E10 , 187
Play_Game , lane_bowling , 1.1519788032E10 , 93
Play_Game , left_brickles , 1.151834848E10 , 188
Play_Game , left_wall_pong , 1.1521881472E10 , 93
Play_Game , menu_bowling , 2.3036904576E10 , 187
Play_Game , menu_brickles , 2.3036873152E10 , 94
Play_Game , menu_pong , 2.3043942848E10 , 187
Play_Game , pin_bowling , 1.151845536E10 , 94
Play_Game , play_bowling , 1.3165965576E10 , 187
Play_Game , play_brickles , 1.3165944592E10 , 94
Play_Game , play_pong , 1.3170658376E10 , 171
Play_Game , pong_game_menu , 1.3170658376E10 , 109
Play_Game , puck_core_assets , 1.1525510256E10 , 188
Play_Game , puck_supply_brickles , 1.1518436576E10 , 78
Play_Game , rack_pins_bowling , 1.1519788032E10 , 187
Play_Game , right_brickles , 1.151834848E10 , 93
Play_Game , right_wall_pong , 1.1521881472E10 , 172
Play_Game , save_score , 1.1525506956E10 , 93
Play_Game , score_board_pong , 1.1523328E10 , 187
Play_Game , sprite_pair , 1.1525506956E10 , 110
Play_Game , top_paddle_pong , 1.1521974496E10 , 171
Point , Rectangle , 2.3051013912E10 , 109
Point , Save_Game , 2.3051013912E10 , 172
Point , Size , 2.3051013912E10 , 94
Point , Stationary_Sprite , 2.3050830912E10 , 187
Point , Uninstall_Game , 2.3051013912E10 , 94
Point , Use_Cases , 2.3051013912E10 , 203
Point , Velocity , 2.2328689824E10 , 93
Point , Wall , 2.1606177504E10 , 188
Point , alley_bowling , 1.1519788032E10 , 93
Point , ball_bowling , 1.151845536E10 , 187
Point , board_bowling , 1.3165965576E10 , 94
Point , board_brickles , 1.3165944592E10 , 187
Point , board_pong , 1.3170658376E10 , 94
Point , bottom_paddle_pong , 1.1521974496E10 , 171
Point , bowling_game_menu , 1.3165965576E10 , 94
Point , brick_brickles , 1.1519788032E10 , 172
Point , brick_pile_brickles , 1.1519788032E10 , 93
Point , brickles_game_menu , 1.3165944592E10 , 187
Point , ceiling_brickles , 1.1519788032E10 , 94
Point , ceiling_pong , 1.1523328E10 , 203
Point , check_previous_best_score , 1.1525506956E10 , 93
Point , dividing_line_pong , 1.1523328E10 , 188
Point , edge_bowling , 1.1519788032E10 , 78
Point , floor_brickles , 1.1519788032E10 , 187
Point , floor_pong , 1.1523328E10 , 78
Point , game_sprite , 2.3051013912E10 , 203
Point , gutter_bowling , 1.1519788032E10 , 93
Point , lane_bowling , 1.1519788032E10 , 187
Point , left_brickles , 1.151834848E10 , 94
Point , left_wall_pong , 1.1521881472E10 , 172
Point , menu_bowling , 2.3036904576E10 , 93
Point , menu_brickles , 2.3036873152E10 , 187
Point , menu_pong , 2.3043942848E10 , 94
Point , pin_bowling , 1.151845536E10 , 187
Point , play_bowling , 1.3165965576E10 , 94
Point , play_brickles , 1.3165944592E10 , 187
Point , play_pong , 1.3170658376E10 , 94
Point , pong_game_menu , 1.3170658376E10 , 187
Point , puck_core_assets , 1.1525510256E10 , 78
Point , puck_supply_brickles , 1.1518436576E10 , 187
Point , rack_pins_bowling , 1.1519788032E10 , 94
Point , right_brickles , 1.151834848E10 , 187
Point , right_wall_pong , 1.1521881472E10 , 93
Point , save_score , 1.1525506956E10 , 188
Point , score_board_pong , 1.1523328E10 , 93
Point , sprite_pair , 1.1525506956E10 , 187
Point , top_paddle_pong , 1.1521974496E10 , 78
Rectangle , Save_Game , 2.3051013912E10 , 203
Rectangle , Size , 2.3051013912E10 , 109
Rectangle , Stationary_Sprite , 2.3050830912E10 , 203
Rectangle , Uninstall_Game , 2.3051013912E10 , 94
Rectangle , Use_Cases , 2.3051013912E10 , 187
Rectangle , Velocity , 2.2328689824E10 , 94
Rectangle , Wall , 2.1606177504E10 , 187
Rectangle , alley_bowling , 1.1519788032E10 , 93
Rectangle , ball_bowling , 1.151845536E10 , 203
Rectangle , board_bowling , 1.3165965576E10 , 94
Rectangle , board_brickles , 1.3165944592E10 , 171
Rectangle , board_pong , 1.3170658376E10 , 78
Rectangle , bottom_paddle_pong , 1.1521974496E10 , 187
Rectangle , bowling_game_menu , 1.3165965576E10 , 94
Rectangle , brick_brickles , 1.1519788032E10 , 187
Rectangle , brick_pile_brickles , 1.1519788032E10 , 94
Rectangle , brickles_game_menu , 1.3165944592E10 , 187
Rectangle , ceiling_brickles , 1.1519788032E10 , 93
Rectangle , ceiling_pong , 1.1523328E10 , 188
Rectangle , check_previous_best_score , 1.1525506956E10 , 93
Rectangle , dividing_line_pong , 1.1523328E10 , 187
Rectangle , edge_bowling , 1.1519788032E10 , 94
Rectangle , floor_brickles , 1.1519788032E10 , 203
Rectangle , floor_pong , 1.1523328E10 , 93
Rectangle , game_sprite , 2.3051013912E10 , 203
Rectangle , gutter_bowling , 1.1519788032E10 , 78
Rectangle , lane_bowling , 1.1519788032E10 , 187
Rectangle , left_brickles , 1.151834848E10 , 94
Rectangle , left_wall_pong , 1.1521881472E10 , 187
Rectangle , menu_bowling , 2.3036904576E10 , 94
Rectangle , menu_brickles , 2.3036873152E10 , 203
Rectangle , menu_pong , 2.3043942848E10 , 93
Rectangle , pin_bowling , 1.151845536E10 , 187
Rectangle , play_bowling , 1.3165965576E10 , 94
Rectangle , play_brickles , 1.3165944592E10 , 187
Rectangle , play_pong , 1.3170658376E10 , 78
Rectangle , pong_game_menu , 1.3170658376E10 , 203
Rectangle , puck_core_assets , 1.1525510256E10 , 94
Rectangle , puck_supply_brickles , 1.1518436576E10 , 202
Rectangle , rack_pins_bowling , 1.1519788032E10 , 78
Rectangle , right_brickles , 1.151834848E10 , 188
Rectangle , right_wall_pong , 1.1521881472E10 , 93
Rectangle , save_score , 1.1525506956E10 , 203
Rectangle , score_board_pong , 1.1523328E10 , 94
Rectangle , sprite_pair , 1.1525506956E10 , 187
Rectangle , top_paddle_pong , 1.1521974496E10 , 93
Save_Game , Size , 2.3051013912E10 , 188
Save_Game , Stationary_Sprite , 2.3050830912E10 , 93
Save_Game , Uninstall_Game , 2.3051013912E10 , 187
Save_Game , Use_Cases , 2.3051013912E10 , 94
Save_Game , Velocity , 2.2328689824E10 , 187
Save_Game , Wall , 2.1606177504E10 , 93
Save_Game , alley_bowling , 1.1519788032E10 , 188
Save_Game , ball_bowling , 1.151845536E10 , 140
Save_Game , board_bowling , 1.3165965576E10 , 187
Save_Game , board_brickles , 1.3165944592E10 , 78
Save_Game , board_pong , 1.3170658376E10 , 187
Save_Game , bottom_paddle_pong , 1.1521974496E10 , 78
Save_Game , bowling_game_menu , 1.3165965576E10 , 203
Save_Game , brick_brickles , 1.1519788032E10 , 78
Save_Game , brick_pile_brickles , 1.1519788032E10 , 203
Save_Game , brickles_game_menu , 1.3165944592E10 , 78
Save_Game , ceiling_brickles , 1.1519788032E10 , 187
Save_Game , ceiling_pong , 1.1523328E10 , 94
Save_Game , check_previous_best_score , 1.1525506956E10 , 187
Save_Game , dividing_line_pong , 1.1523328E10 , 94
Save_Game , edge_bowling , 1.1519788032E10 , 187
Save_Game , floor_brickles , 1.1519788032E10 , 93
Save_Game , floor_pong , 1.1523328E10 , 188
Save_Game , game_sprite , 2.3051013912E10 , 93
Save_Game , gutter_bowling , 1.1519788032E10 , 187
Save_Game , lane_bowling , 1.1519788032E10 , 78
Save_Game , left_brickles , 1.151834848E10 , 203
Save_Game , left_wall_pong , 1.1521881472E10 , 94
Save_Game , menu_bowling , 2.3036904576E10 , 187
Save_Game , menu_brickles , 2.3036873152E10 , 78
Save_Game , menu_pong , 2.3043942848E10 , 203
Save_Game , pin_bowling , 1.151845536E10 , 93
Save_Game , play_bowling , 1.3165965576E10 , 188
Save_Game , play_brickles , 1.3165944592E10 , 93
Save_Game , play_pong , 1.3170658376E10 , 187
Save_Game , pong_game_menu , 1.3170658376E10 , 94
Save_Game , puck_core_assets , 1.1525510256E10 , 187
Save_Game , puck_supply_brickles , 1.1518436576E10 , 78
Save_Game , rack_pins_bowling , 1.1519788032E10 , 187
Save_Game , right_brickles , 1.151834848E10 , 94
Save_Game , right_wall_pong , 1.1521881472E10 , 187
Save_Game , save_score , 1.1525506956E10 , 94
Save_Game , score_board_pong , 1.1523328E10 , 203
Save_Game , sprite_pair , 1.1525506956E10 , 93
Save_Game , top_paddle_pong , 1.1521974496E10 , 172
Size , Stationary_Sprite , 2.3050830912E10 , 109
Size , Uninstall_Game , 2.3051013912E10 , 187
Size , Use_Cases , 2.3051013912E10 , 109
Size , Velocity , 2.2328689824E10 , 188
Size , Wall , 2.1606177504E10 , 93
Size , alley_bowling , 1.1519788032E10 , 187
Size , ball_bowling , 1.151845536E10 , 94
Size , board_bowling , 1.3165965576E10 , 187
Size , board_brickles , 1.3165944592E10 , 94
Size , board_pong , 1.3170658376E10 , 187
Size , bottom_paddle_pong , 1.1521974496E10 , 94
Size , bowling_game_menu , 1.3165965576E10 , 187
Size , brick_brickles , 1.1519788032E10 , 93
Size , brick_pile_brickles , 1.1519788032E10 , 188
Size , brickles_game_menu , 1.3165944592E10 , 93
Size , ceiling_brickles , 1.1519788032E10 , 172
Size , ceiling_pong , 1.1523328E10 , 93
Size , check_previous_best_score , 1.1525506956E10 , 203
Size , dividing_line_pong , 1.1523328E10 , 94
Size , edge_bowling , 1.1519788032E10 , 187
Size , floor_brickles , 1.1519788032E10 , 94
Size , floor_pong , 1.1523328E10 , 187
Size , game_sprite , 2.3051013912E10 , 93
Size , gutter_bowling , 1.1519788032E10 , 188
Size , lane_bowling , 1.1519788032E10 , 93
Size , left_brickles , 1.151834848E10 , 187
Size , left_wall_pong , 1.1521881472E10 , 94
Size , menu_bowling , 2.3036904576E10 , 187
Size , menu_brickles , 2.3036873152E10 , 94
Size , menu_pong , 2.3043942848E10 , 203
Size , pin_bowling , 1.151845536E10 , 78
Size , play_bowling , 1.3165965576E10 , 187
Size , play_brickles , 1.3165944592E10 , 109
Size , play_pong , 1.3170658376E10 , 187
Size , pong_game_menu , 1.3170658376E10 , 94
Size , puck_core_assets , 1.1525510256E10 , 187
Size , puck_supply_brickles , 1.1518436576E10 , 94
Size , rack_pins_bowling , 1.1519788032E10 , 187
Size , right_brickles , 1.151834848E10 , 78
Size , right_wall_pong , 1.1521881472E10 , 203
Size , save_score , 1.1525506956E10 , 93
Size , score_board_pong , 1.1523328E10 , 187
Size , sprite_pair , 1.1525506956E10 , 94
Size , top_paddle_pong , 1.1521974496E10 , 171
Stationary_Sprite , Uninstall_Game , 2.3050830912E10 , 94
Stationary_Sprite , Use_Cases , 2.3050830912E10 , 203
Stationary_Sprite , Velocity , 2.2328506824E10 , 109
Stationary_Sprite , Wall , 2.1606177504E10 , 187
Stationary_Sprite , alley_bowling , 1.1519788032E10 , 94
Stationary_Sprite , ball_bowling , 1.1518362336E10 , 187
Stationary_Sprite , board_bowling , 1.3165861824E10 , 78
Stationary_Sprite , board_brickles , 1.3165843328E10 , 187
Stationary_Sprite , board_pong , 1.3170554624E10 , 94
Stationary_Sprite , bottom_paddle_pong , 1.1521881472E10 , 202
Stationary_Sprite , bowling_game_menu , 1.3165861824E10 , 78
Stationary_Sprite , brick_brickles , 1.1519788032E10 , 188
Stationary_Sprite , brick_pile_brickles , 1.1519788032E10 , 78
Stationary_Sprite , brickles_game_menu , 1.3165843328E10 , 187
Stationary_Sprite , ceiling_brickles , 1.1519788032E10 , 94
Stationary_Sprite , ceiling_pong , 1.1523328E10 , 187
Stationary_Sprite , check_previous_best_score , 1.1525415456E10 , 94
Stationary_Sprite , dividing_line_pong , 1.1523328E10 , 187
Stationary_Sprite , edge_bowling , 1.1519788032E10 , 94
Stationary_Sprite , floor_brickles , 1.1519788032E10 , 187
Stationary_Sprite , floor_pong , 1.1523328E10 , 93
Stationary_Sprite , game_sprite , 2.3050830912E10 , 188
Stationary_Sprite , gutter_bowling , 1.1519788032E10 , 78
Stationary_Sprite , lane_bowling , 1.1519788032E10 , 172
Stationary_Sprite , left_brickles , 1.151834848E10 , 109
Stationary_Sprite , left_wall_pong , 1.1521881472E10 , 187
Stationary_Sprite , menu_bowling , 2.3036724672E10 , 94
Stationary_Sprite , menu_brickles , 2.303669696E10 , 187
Stationary_Sprite , menu_pong , 2.3043762944E10 , 94
Stationary_Sprite , pin_bowling , 1.1518362336E10 , 187
Stationary_Sprite , play_bowling , 1.3165861824E10 , 78
Stationary_Sprite , play_brickles , 1.3165843328E10 , 203
Stationary_Sprite , play_pong , 1.3170554624E10 , 93
Stationary_Sprite , pong_game_menu , 1.3170554624E10 , 187
Stationary_Sprite , puck_core_assets , 1.1525415456E10 , 94
Stationary_Sprite , puck_supply_brickles , 1.151834848E10 , 187
Stationary_Sprite , rack_pins_bowling , 1.1519788032E10 , 94
Stationary_Sprite , right_brickles , 1.151834848E10 , 187
Stationary_Sprite , right_wall_pong , 1.1521881472E10 , 94
Stationary_Sprite , save_score , 1.1525415456E10 , 187
Stationary_Sprite , score_board_pong , 1.1523328E10 , 93
Stationary_Sprite , sprite_pair , 1.1525415456E10 , 203
Stationary_Sprite , top_paddle_pong , 1.1521881472E10 , 78
Uninstall_Game , Use_Cases , 2.3051013912E10 , 203
Uninstall_Game , Velocity , 2.2328689824E10 , 78
Uninstall_Game , Wall , 2.1606177504E10 , 203
Uninstall_Game , alley_bowling , 1.1519788032E10 , 93
Uninstall_Game , ball_bowling , 1.151845536E10 , 203
Uninstall_Game , board_bowling , 1.3165965576E10 , 78
Uninstall_Game , board_brickles , 1.3165944592E10 , 187
Uninstall_Game , board_pong , 1.3170658376E10 , 78
Uninstall_Game , bottom_paddle_pong , 1.1521974496E10 , 188
Uninstall_Game , bowling_game_menu , 1.3165965576E10 , 93
Uninstall_Game , brick_brickles , 1.1519788032E10 , 187
Uninstall_Game , brick_pile_brickles , 1.1519788032E10 , 78
Uninstall_Game , brickles_game_menu , 1.3165944592E10 , 188
Uninstall_Game , ceiling_brickles , 1.1519788032E10 , 93
Uninstall_Game , ceiling_pong , 1.1523328E10 , 187
Uninstall_Game , check_previous_best_score , 1.1525506956E10 , 78
Uninstall_Game , dividing_line_pong , 1.1523328E10 , 188
Uninstall_Game , edge_bowling , 1.1519788032E10 , 109
Uninstall_Game , floor_brickles , 1.1519788032E10 , 187
Uninstall_Game , floor_pong , 1.1523328E10 , 78
Uninstall_Game , game_sprite , 2.3051013912E10 , 203
Uninstall_Game , gutter_bowling , 1.1519788032E10 , 78
Uninstall_Game , lane_bowling , 1.1519788032E10 , 187
Uninstall_Game , left_brickles , 1.151834848E10 , 78
Uninstall_Game , left_wall_pong , 1.1521881472E10 , 187
Uninstall_Game , menu_bowling , 2.3036904576E10 , 93
Uninstall_Game , menu_brickles , 2.3036873152E10 , 188
Uninstall_Game , menu_pong , 2.3043942848E10 , 93
Uninstall_Game , pin_bowling , 1.151845536E10 , 187
Uninstall_Game , play_bowling , 1.3165965576E10 , 78
Uninstall_Game , play_brickles , 1.3165944592E10 , 188
Uninstall_Game , play_pong , 1.3170658376E10 , 93
Uninstall_Game , pong_game_menu , 1.3170658376E10 , 187
Uninstall_Game , puck_core_assets , 1.1525510256E10 , 125
Uninstall_Game , puck_supply_brickles , 1.1518436576E10 , 203
Uninstall_Game , rack_pins_bowling , 1.1519788032E10 , 109
Uninstall_Game , right_brickles , 1.151834848E10 , 187
Uninstall_Game , right_wall_pong , 1.1521881472E10 , 78
Uninstall_Game , save_score , 1.1525506956E10 , 219
Uninstall_Game , score_board_pong , 1.1523328E10 , 78
Uninstall_Game , sprite_pair , 1.1525506956E10 , 187
Uninstall_Game , top_paddle_pong , 1.1521974496E10 , 94
Use_Cases , Velocity , 2.2328689824E10 , 202
Use_Cases , Wall , 2.1606177504E10 , 94
Use_Cases , alley_bowling , 1.1519788032E10 , 187
Use_Cases , ball_bowling , 1.151845536E10 , 94
Use_Cases , board_bowling , 1.3165965576E10 , 187
Use_Cases , board_brickles , 1.3165944592E10 , 94
Use_Cases , board_pong , 1.3170658376E10 , 187
Use_Cases , bottom_paddle_pong , 1.1521974496E10 , 78
Use_Cases , bowling_game_menu , 1.3165965576E10 , 187
Use_Cases , brick_brickles , 1.1519788032E10 , 94
Use_Cases , brick_pile_brickles , 1.1519788032E10 , 187
Use_Cases , brickles_game_menu , 1.3165944592E10 , 93
Use_Cases , ceiling_brickles , 1.1519788032E10 , 188
Use_Cases , ceiling_pong , 1.1523328E10 , 93
Use_Cases , check_previous_best_score , 1.1525506956E10 , 187
Use_Cases , dividing_line_pong , 1.1523328E10 , 94
Use_Cases , edge_bowling , 1.1519788032E10 , 187
Use_Cases , floor_brickles , 1.1519788032E10 , 94
Use_Cases , floor_pong , 1.1523328E10 , 203
Use_Cases , game_sprite , 2.3051013912E10 , 93
Use_Cases , gutter_bowling , 1.1519788032E10 , 187
Use_Cases , lane_bowling , 1.1519788032E10 , 94
Use_Cases , left_brickles , 1.151834848E10 , 187
Use_Cases , left_wall_pong , 1.1521881472E10 , 94
Use_Cases , menu_bowling , 2.3036904576E10 , 187
Use_Cases , menu_brickles , 2.3036873152E10 , 94
Use_Cases , menu_pong , 2.3043942848E10 , 202
Use_Cases , pin_bowling , 1.151845536E10 , 94
Use_Cases , play_bowling , 1.3165965576E10 , 187
Use_Cases , play_brickles , 1.3165944592E10 , 94
Use_Cases , play_pong , 1.3170658376E10 , 187
Use_Cases , pong_game_menu , 1.3170658376E10 , 94
Use_Cases , puck_core_assets , 1.1525510256E10 , 187
Use_Cases , puck_supply_brickles , 1.1518436576E10 , 93
Use_Cases , rack_pins_bowling , 1.1519788032E10 , 188
Use_Cases , right_brickles , 1.151834848E10 , 93
Use_Cases , right_wall_pong , 1.1521881472E10 , 187
Use_Cases , save_score , 1.1525506956E10 , 94
Use_Cases , score_board_pong , 1.1523328E10 , 203
Use_Cases , sprite_pair , 1.1525506956E10 , 93
Use_Cases , top_paddle_pong , 1.1521974496E10 , 188
Velocity , Wall , 2.092924752E10 , 93
Velocity , alley_bowling , 1.1159462784E10 , 187
Velocity , ball_bowling , 1.151845536E10 , 94
Velocity , board_bowling , 1.2754090704E10 , 187
Velocity , board_brickles , 1.2753188304E10 , 78
Velocity , board_pong , 1.2758196904E10 , 203
Velocity , bottom_paddle_pong , 1.1521974496E10 , 78
Velocity , bowling_game_menu , 1.2754090704E10 , 187
Velocity , brick_brickles , 1.1158798848E10 , 94
Velocity , brick_pile_brickles , 1.1158798848E10 , 187
Velocity , brickles_game_menu , 1.2753188304E10 , 78
Velocity , ceiling_brickles , 1.1158798848E10 , 187
Velocity , ceiling_pong , 1.1162560256E10 , 94
Velocity , check_previous_best_score , 1.1164344912E10 , 203
Velocity , dividing_line_pong , 1.1162560256E10 , 78
Velocity , edge_bowling , 1.1159462784E10 , 187
Velocity , floor_brickles , 1.1158798848E10 , 93
Velocity , floor_pong , 1.1162560256E10 , 188
Velocity , game_sprite , 2.2328689824E10 , 93
Velocity , gutter_bowling , 1.1159462784E10 , 187
Velocity , lane_bowling , 1.1159462784E10 , 94
Velocity , left_brickles , 1.1157407552E10 , 187
Velocity , left_wall_pong , 1.1161161536E10 , 78
Velocity , menu_bowling , 2.2316344488E10 , 187
Velocity , menu_brickles , 2.2314991296E10 , 78
Velocity , menu_pong , 2.2322502976E10 , 187
Velocity , pin_bowling , 1.151845536E10 , 78
Velocity , play_bowling , 1.2754090704E10 , 203
Velocity , play_brickles , 1.2753188304E10 , 93
Velocity , play_pong , 1.2758196904E10 , 172
Velocity , pong_game_menu , 1.2758196904E10 , 78
Velocity , puck_core_assets , 1.1525510256E10 , 203
Velocity , puck_supply_brickles , 1.1157495648E10 , 78
Velocity , rack_pins_bowling , 1.1159462784E10 , 187
Velocity , right_brickles , 1.1157407552E10 , 156
Velocity , right_wall_pong , 1.1161161536E10 , 188
Velocity , save_score , 1.1164344912E10 , 93
Velocity , score_board_pong , 1.1162560256E10 , 187
Velocity , sprite_pair , 1.1164344912E10 , 110
Velocity , top_paddle_pong , 1.1521974496E10 , 171
Wall , alley_bowling , 1.0797809664E10 , 94
Wall , ball_bowling , 1.0796476992E10 , 203
Wall , board_bowling , 1.2340344576E10 , 78
Wall , board_brickles , 1.2342094752E10 , 187
Wall , board_pong , 1.2345628224E10 , 93
Wall , bottom_paddle_pong , 1.0800439008E10 , 188
Wall , bowling_game_menu , 1.2340344576E10 , 78
Wall , brick_brickles , 1.0799137536E10 , 187
Wall , brick_pile_brickles , 1.0799137536E10 , 94
Wall , brickles_game_menu , 1.2342094752E10 , 187
Wall , ceiling_brickles , 1.0799137536E10 , 94
Wall , ceiling_pong , 1.0801792512E10 , 187
Wall , check_previous_best_score , 1.0803088752E10 , 94
Wall , dividing_line_pong , 1.0801792512E10 , 187
Wall , edge_bowling , 1.0797809664E10 , 93
Wall , floor_brickles , 1.0799137536E10 , 188
Wall , floor_pong , 1.0801792512E10 , 93
Wall , game_sprite , 2.1606177504E10 , 187
Wall , gutter_bowling , 1.0797809664E10 , 94
Wall , lane_bowling , 1.0797809664E10 , 187
Wall , left_brickles , 1.151834848E10 , 109
Wall , left_wall_pong , 1.1521881472E10 , 188
Wall , menu_bowling , 2.1592953984E10 , 93
Wall , menu_brickles , 2.1595578528E10 , 187
Wall , menu_pong , 2.1600878016E10 , 110
Wall , pin_bowling , 1.0796476992E10 , 171
Wall , play_bowling , 1.2340344576E10 , 93
Wall , play_brickles , 1.2342094752E10 , 188
Wall , play_pong , 1.2345628224E10 , 93
Wall , pong_game_menu , 1.2345628224E10 , 187
Wall , puck_core_assets , 1.0803088752E10 , 110
Wall , puck_supply_brickles , 1.0797789264E10 , 187
Wall , rack_pins_bowling , 1.0797809664E10 , 93
Wall , right_brickles , 1.151834848E10 , 188
Wall , right_wall_pong , 1.1521881472E10 , 93
Wall , save_score , 1.0803088752E10 , 219
Wall , score_board_pong , 1.0801792512E10 , 93
Wall , sprite_pair , 1.0803088752E10 , 187
Wall , top_paddle_pong , 1.0800439008E10 , 94
alley_bowling , ball_bowling , 5.759894016E9 , 172
alley_bowling , board_bowling , 6.583747584E9 , 78
alley_bowling , board_brickles , 6.579027968E9 , 171
alley_bowling , board_pong , 6.581387264E9 , 94
alley_bowling , bottom_paddle_pong , 5.758124032E9 , 171
alley_bowling , bowling_game_menu , 6.583747584E9 , 78
alley_bowling , brick_brickles , 5.75635456E9 , 188
alley_bowling , brick_pile_brickles , 5.75635456E9 , 78
alley_bowling , brickles_game_menu , 6.579027968E9 , 171
alley_bowling , ceiling_brickles , 5.75635456E9 , 94
alley_bowling , ceiling_pong , 5.758124032E9 , 171
alley_bowling , check_previous_best_score , 5.759894016E9 , 78
alley_bowling , dividing_line_pong , 5.758124032E9 , 188
alley_bowling , edge_bowling , 5.759894016E9 , 78
alley_bowling , floor_brickles , 5.75635456E9 , 187
alley_bowling , floor_pong , 5.758124032E9 , 78
alley_bowling , game_sprite , 1.1519788032E10 , 171
alley_bowling , gutter_bowling , 5.759894016E9 , 94
alley_bowling , lane_bowling , 5.759894016E9 , 172
alley_bowling , left_brickles , 5.75635456E9 , 93
alley_bowling , left_wall_pong , 5.758124032E9 , 172
alley_bowling , menu_bowling , 1.1519788032E10 , 78
alley_bowling , menu_brickles , 1.151270912E10 , 187
alley_bowling , menu_pong , 1.1516248064E10 , 78
alley_bowling , pin_bowling , 5.759894016E9 , 172
alley_bowling , play_bowling , 6.583747584E9 , 93
alley_bowling , play_brickles , 6.579027968E9 , 172
alley_bowling , play_pong , 6.581387264E9 , 93
alley_bowling , pong_game_menu , 6.581387264E9 , 172
alley_bowling , puck_core_assets , 5.759894016E9 , 78
alley_bowling , puck_supply_brickles , 5.75635456E9 , 187
alley_bowling , rack_pins_bowling , 5.759894016E9 , 78
alley_bowling , right_brickles , 5.75635456E9 , 172
alley_bowling , right_wall_pong , 5.758124032E9 , 93
alley_bowling , save_score , 5.759894016E9 , 172
alley_bowling , score_board_pong , 5.758124032E9 , 94
alley_bowling , sprite_pair , 5.759894016E9 , 171
alley_bowling , top_paddle_pong , 5.758124032E9 , 94
ball_bowling , board_bowling , 6.582984576E9 , 171
ball_bowling , board_brickles , 6.578271872E9 , 78
ball_bowling , board_pong , 6.580627712E9 , 172
ball_bowling , bottom_paddle_pong , 5.757460288E9 , 94
ball_bowling , bowling_game_menu , 6.582984576E9 , 171
ball_bowling , brick_brickles , 5.75635456E9 , 78
ball_bowling , brick_pile_brickles , 5.75635456E9 , 187
ball_bowling , brickles_game_menu , 6.578271872E9 , 78
ball_bowling , ceiling_brickles , 5.75635456E9 , 172
ball_bowling , ceiling_pong , 5.758124032E9 , 94
ball_bowling , check_previous_best_score , 5.75922768E9 , 171
ball_bowling , dividing_line_pong , 5.758124032E9 , 78
ball_bowling , edge_bowling , 5.759894016E9 , 187
ball_bowling , floor_brickles , 5.75635456E9 , 78
ball_bowling , floor_pong , 5.758124032E9 , 188
ball_bowling , game_sprite , 1.151845536E10 , 78
ball_bowling , gutter_bowling , 5.759894016E9 , 187
ball_bowling , lane_bowling , 5.759894016E9 , 78
ball_bowling , left_brickles , 5.75564864E9 , 187
ball_bowling , left_wall_pong , 5.757414656E9 , 78
ball_bowling , menu_bowling , 1.151845536E10 , 187
ball_bowling , menu_brickles , 1.1511386816E10 , 94
ball_bowling , menu_pong , 1.1514920576E10 , 187
ball_bowling , pin_bowling , 5.75922768E9 , 78
ball_bowling , play_bowling , 6.582984576E9 , 171
ball_bowling , play_brickles , 6.578271872E9 , 78
ball_bowling , play_pong , 6.580627712E9 , 187
ball_bowling , pong_game_menu , 6.580627712E9 , 94
ball_bowling , puck_core_assets , 5.75922768E9 , 187
ball_bowling , puck_supply_brickles , 5.755693408E9 , 78
ball_bowling , rack_pins_bowling , 5.759894016E9 , 187
ball_bowling , right_brickles , 5.75564864E9 , 78
ball_bowling , right_wall_pong , 5.757414656E9 , 172
ball_bowling , save_score , 5.75922768E9 , 94
ball_bowling , score_board_pong , 5.758124032E9 , 187
ball_bowling , sprite_pair , 5.75922768E9 , 78
ball_bowling , top_paddle_pong , 5.757460288E9 , 187
board_bowling , board_brickles , 6.57827016E9 , 94
board_bowling , board_pong , 6.580626072E9 , 171
board_bowling , bottom_paddle_pong , 6.580627712E9 , 94
board_bowling , bowling_game_menu , 7.524755928E9 , 171
board_bowling , brick_brickles , 6.579027968E9 , 94
board_bowling , brick_pile_brickles , 6.579027968E9 , 172
board_bowling , brickles_game_menu , 7.518471744E9 , 93
board_bowling , ceiling_brickles , 6.579027968E9 , 172
board_bowling , ceiling_pong , 6.581387264E9 , 109
board_bowling , check_previous_best_score , 6.582982788E9 , 172
board_bowling , dividing_line_pong , 6.581387264E9 , 93
board_bowling , edge_bowling , 6.583747584E9 , 172
board_bowling , floor_brickles , 6.579027968E9 , 93
board_bowling , floor_pong , 6.581387264E9 , 172
board_bowling , game_sprite , 1.3165965576E10 , 94
board_bowling , gutter_bowling , 6.583747584E9 , 187
board_bowling , lane_bowling , 6.583747584E9 , 93
board_bowling , left_brickles , 6.578220544E9 , 172
board_bowling , left_wall_pong , 6.580575232E9 , 94
board_bowling , menu_bowling , 1.3165965576E10 , 171
board_bowling , menu_brickles , 1.315654032E10 , 94
board_bowling , menu_pong , 1.3161252144E10 , 203
board_bowling , pin_bowling , 6.582984576E9 , 78
board_bowling , play_bowling , 7.524755928E9 , 187
board_bowling , play_brickles , 7.518471744E9 , 109
board_bowling , play_pong , 7.52161296E9 , 172
board_bowling , pong_game_menu , 7.52161296E9 , 93
board_bowling , puck_core_assets , 6.582984576E9 , 187
board_bowling , puck_supply_brickles , 6.57827016E9 , 78
board_bowling , rack_pins_bowling , 6.583747584E9 , 188
board_bowling , right_brickles , 6.578220544E9 , 93
board_bowling , right_wall_pong , 6.580575232E9 , 172
board_bowling , save_score , 6.582982788E9 , 93
board_bowling , score_board_pong , 6.581387264E9 , 188
board_bowling , sprite_pair , 6.582982788E9 , 78
board_bowling , top_paddle_pong , 6.580627712E9 , 187
board_brickles , board_pong , 6.580615632E9 , 78
board_brickles , bottom_paddle_pong , 6.580617344E9 , 187
board_brickles , bowling_game_menu , 7.518471744E9 , 94
board_brickles , brick_brickles , 6.583747584E9 , 171
board_brickles , brick_pile_brickles , 6.583747584E9 , 94
board_brickles , brickles_game_menu , 7.524741904E9 , 171
board_brickles , ceiling_brickles , 6.583747584E9 , 94
board_brickles , ceiling_pong , 6.581387264E9 , 172
board_brickles , check_previous_best_score , 6.582972296E9 , 93
board_brickles , dividing_line_pong , 6.581387264E9 , 187
board_brickles , edge_bowling , 6.579027968E9 , 78
board_brickles , floor_brickles , 6.583747584E9 , 188
board_brickles , floor_pong , 6.581387264E9 , 78
board_brickles , game_sprite , 1.3165944592E10 , 187
board_brickles , gutter_bowling , 6.579027968E9 , 78
board_brickles , lane_bowling , 6.579027968E9 , 187
board_brickles , left_brickles , 6.582921664E9 , 78
board_brickles , left_wall_pong , 6.580566016E9 , 187
board_brickles , menu_bowling , 1.315654032E10 , 94
board_brickles , menu_brickles , 1.3165944592E10 , 171
board_brickles , menu_pong , 1.3161231264E10 , 94
board_brickles , pin_bowling , 6.578271872E9 , 187
board_brickles , play_bowling , 7.518471744E9 , 78
board_brickles , play_brickles , 7.524741904E9 , 187
board_brickles , play_pong , 7.52159904E9 , 94
board_brickles , pong_game_menu , 7.52159904E9 , 172
board_brickles , puck_core_assets , 6.58297416E9 , 93
board_brickles , puck_supply_brickles , 6.582972296E9 , 172
board_brickles , rack_pins_bowling , 6.579027968E9 , 93
board_brickles , right_brickles , 6.582921664E9 , 172
board_brickles , right_wall_pong , 6.580566016E9 , 94
board_brickles , save_score , 6.582972296E9 , 187
board_brickles , score_board_pong , 6.581387264E9 , 93
board_brickles , sprite_pair , 6.582972296E9 , 172
board_brickles , top_paddle_pong , 6.580617344E9 , 94
board_pong , bottom_paddle_pong , 6.585330976E9 , 171
board_pong , bowling_game_menu , 7.52161296E9 , 94
board_pong , brick_brickles , 6.581387264E9 , 187
board_pong , brick_pile_brickles , 6.581387264E9 , 78
board_pong , brickles_game_menu , 7.52159904E9 , 187
board_pong , ceiling_brickles , 6.581387264E9 , 94
board_pong , ceiling_pong , 6.586107904E9 , 187
board_pong , check_previous_best_score , 6.585329188E9 , 78
board_pong , dividing_line_pong , 6.586107904E9 , 187
board_pong , edge_bowling , 6.581387264E9 , 94
board_pong , floor_brickles , 6.581387264E9 , 187
board_pong , floor_pong , 6.586107904E9 , 78
board_pong , game_sprite , 1.3170658376E10 , 203
board_pong , gutter_bowling , 6.581387264E9 , 78
board_pong , lane_bowling , 6.581387264E9 , 187
board_pong , left_brickles , 6.580566016E9 , 94
board_pong , left_wall_pong , 6.585277312E9 , 187
board_pong , menu_bowling , 1.3161252144E10 , 78
board_pong , menu_brickles , 1.3161231264E10 , 187
board_pong , menu_pong , 1.3170658376E10 , 109
board_pong , pin_bowling , 6.580627712E9 , 187
board_pong , play_bowling , 7.52161296E9 , 78
board_pong , play_brickles , 7.52159904E9 , 188
board_pong , play_pong , 7.52788508E9 , 93
board_pong , pong_game_menu , 7.52788508E9 , 187
board_pong , puck_core_assets , 6.585330976E9 , 94
board_pong , puck_supply_brickles , 6.580615632E9 , 187
board_pong , rack_pins_bowling , 6.581387264E9 , 94
board_pong , right_brickles , 6.580566016E9 , 187
board_pong , right_wall_pong , 6.585277312E9 , 78
board_pong , save_score , 6.585329188E9 , 187
board_pong , score_board_pong , 6.586107904E9 , 78
board_pong , sprite_pair , 6.585329188E9 , 187
board_pong , top_paddle_pong , 6.585330976E9 , 94
bottom_paddle_pong , bowling_game_menu , 6.580627712E9 , 187
bottom_paddle_pong , brick_brickles , 5.758124032E9 , 78
bottom_paddle_pong , brick_pile_brickles , 5.758124032E9 , 171
bottom_paddle_pong , brickles_game_menu , 6.580617344E9 , 94
bottom_paddle_pong , ceiling_brickles , 5.758124032E9 , 172
bottom_paddle_pong , ceiling_pong , 5.761664E9 , 93
bottom_paddle_pong , check_previous_best_score , 5.760987248E9 , 172
bottom_paddle_pong , dividing_line_pong , 5.761664E9 , 93
bottom_paddle_pong , edge_bowling , 5.758124032E9 , 172
bottom_paddle_pong , floor_brickles , 5.758124032E9 , 94
bottom_paddle_pong , floor_pong , 5.761664E9 , 171
bottom_paddle_pong , game_sprite , 1.1521974496E10 , 94
bottom_paddle_pong , gutter_bowling , 5.758124032E9 , 171
bottom_paddle_pong , lane_bowling , 5.758124032E9 , 94
bottom_paddle_pong , left_brickles , 5.757407744E9 , 172
bottom_paddle_pong , left_wall_pong , 5.760940736E9 , 93
bottom_paddle_pong , menu_bowling , 1.1514920576E10 , 187
bottom_paddle_pong , menu_brickles , 1.1514905024E10 , 78
bottom_paddle_pong , menu_pong , 1.1521974496E10 , 188
bottom_paddle_pong , pin_bowling , 5.757460288E9 , 93
bottom_paddle_pong , play_bowling , 6.580627712E9 , 172
bottom_paddle_pong , play_brickles , 6.580617344E9 , 78
bottom_paddle_pong , play_pong , 6.585330976E9 , 203
bottom_paddle_pong , pong_game_menu , 6.585330976E9 , 78
bottom_paddle_pong , puck_core_assets , 5.760987248E9 , 187
bottom_paddle_pong , puck_supply_brickles , 5.757452512E9 , 78
bottom_paddle_pong , rack_pins_bowling , 5.758124032E9 , 171
bottom_paddle_pong , right_brickles , 5.757407744E9 , 94
bottom_paddle_pong , right_wall_pong , 5.760940736E9 , 172
bottom_paddle_pong , save_score , 5.760987248E9 , 93
bottom_paddle_pong , score_board_pong , 5.761664E9 , 187
bottom_paddle_pong , sprite_pair , 5.760987248E9 , 78
bottom_paddle_pong , top_paddle_pong , 5.760987248E9 , 188
bowling_game_menu , brick_brickles , 6.579027968E9 , 78
bowling_game_menu , brick_pile_brickles , 6.579027968E9 , 218
bowling_game_menu , brickles_game_menu , 6.57827016E9 , 78
bowling_game_menu , ceiling_brickles , 6.579027968E9 , 187
bowling_game_menu , ceiling_pong , 6.581387264E9 , 78
bowling_game_menu , check_previous_best_score , 6.582982788E9 , 187
bowling_game_menu , dividing_line_pong , 6.581387264E9 , 94
bowling_game_menu , edge_bowling , 6.583747584E9 , 172
bowling_game_menu , floor_brickles , 6.579027968E9 , 93
bowling_game_menu , floor_pong , 6.581387264E9 , 187
bowling_game_menu , game_sprite , 1.3165965576E10 , 78
bowling_game_menu , gutter_bowling , 6.583747584E9 , 188
bowling_game_menu , lane_bowling , 6.583747584E9 , 93
bowling_game_menu , left_brickles , 6.578220544E9 , 187
bowling_game_menu , left_wall_pong , 6.580575232E9 , 78
bowling_game_menu , menu_bowling , 1.3165965576E10 , 188
bowling_game_menu , menu_brickles , 1.315654032E10 , 78
bowling_game_menu , menu_pong , 1.3161252144E10 , 187
bowling_game_menu , pin_bowling , 6.582984576E9 , 93
bowling_game_menu , play_bowling , 7.524755928E9 , 188
bowling_game_menu , play_brickles , 7.518471744E9 , 78
bowling_game_menu , play_pong , 7.52161296E9 , 187
bowling_game_menu , pong_game_menu , 6.580626072E9 , 78
bowling_game_menu , puck_core_assets , 6.582984576E9 , 187
bowling_game_menu , puck_supply_brickles , 6.57827016E9 , 78
bowling_game_menu , rack_pins_bowling , 6.583747584E9 , 187
bowling_game_menu , right_brickles , 6.578220544E9 , 94
bowling_game_menu , right_wall_pong , 6.580575232E9 , 187
bowling_game_menu , save_score , 6.582982788E9 , 78
bowling_game_menu , score_board_pong , 6.581387264E9 , 187
bowling_game_menu , sprite_pair , 6.582982788E9 , 94
bowling_game_menu , top_paddle_pong , 6.580627712E9 , 171
brick_brickles , brick_pile_brickles , 5.759894016E9 , 94
brick_brickles , brickles_game_menu , 6.583747584E9 , 172
brick_brickles , ceiling_brickles , 5.759894016E9 , 93
brick_brickles , ceiling_pong , 5.758124032E9 , 187
brick_brickles , check_previous_best_score , 5.759894016E9 , 78
brick_brickles , dividing_line_pong , 5.758124032E9 , 188
brick_brickles , edge_bowling , 5.75635456E9 , 93
brick_brickles , floor_brickles , 5.759894016E9 , 172
brick_brickles , floor_pong , 5.758124032E9 , 93
brick_brickles , game_sprite , 1.1519788032E10 , 172
brick_brickles , gutter_bowling , 5.75635456E9 , 94
brick_brickles , lane_bowling , 5.75635456E9 , 171
brick_brickles , left_brickles , 5.759894016E9 , 78
brick_brickles , left_wall_pong , 5.758124032E9 , 171
brick_brickles , menu_bowling , 1.151270912E10 , 78
brick_brickles , menu_brickles , 1.1519788032E10 , 172
brick_brickles , menu_pong , 1.1516248064E10 , 93
brick_brickles , pin_bowling , 5.75635456E9 , 187
brick_brickles , play_bowling , 6.579027968E9 , 78
brick_brickles , play_brickles , 6.583747584E9 , 188
brick_brickles , play_pong , 6.581387264E9 , 78
brick_brickles , pong_game_menu , 6.581387264E9 , 187
brick_brickles , puck_core_assets , 5.759894016E9 , 78
brick_brickles , puck_supply_brickles , 5.759894016E9 , 187
brick_brickles , rack_pins_bowling , 5.75635456E9 , 78
brick_brickles , right_brickles , 5.759894016E9 , 187
brick_brickles , right_wall_pong , 5.758124032E9 , 94
brick_brickles , save_score , 5.759894016E9 , 171
brick_brickles , score_board_pong , 5.758124032E9 , 94
brick_brickles , sprite_pair , 5.759894016E9 , 187
brick_brickles , top_paddle_pong , 5.758124032E9 , 78
brick_pile_brickles , brickles_game_menu , 6.583747584E9 , 203
brick_pile_brickles , ceiling_brickles , 5.759894016E9 , 94
brick_pile_brickles , ceiling_pong , 5.758124032E9 , 171
brick_pile_brickles , check_previous_best_score , 5.759894016E9 , 78
brick_pile_brickles , dividing_line_pong , 5.758124032E9 , 171
brick_pile_brickles , edge_bowling , 5.75635456E9 , 94
brick_pile_brickles , floor_brickles , 5.759894016E9 , 187
brick_pile_brickles , floor_pong , 5.758124032E9 , 94
brick_pile_brickles , game_sprite , 1.1519788032E10 , 171
brick_pile_brickles , gutter_bowling , 5.75635456E9 , 94
brick_pile_brickles , lane_bowling , 5.75635456E9 , 172
brick_pile_brickles , left_brickles , 5.759894016E9 , 78
brick_pile_brickles , left_wall_pong , 5.758124032E9 , 187
brick_pile_brickles , menu_bowling , 1.151270912E10 , 78
brick_pile_brickles , menu_brickles , 1.1519788032E10 , 171
brick_pile_brickles , menu_pong , 1.1516248064E10 , 78
brick_pile_brickles , pin_bowling , 5.75635456E9 , 172
brick_pile_brickles , play_bowling , 6.579027968E9 , 93
brick_pile_brickles , play_brickles , 6.583747584E9 , 172
brick_pile_brickles , play_pong , 6.581387264E9 , 78
brick_pile_brickles , pong_game_menu , 6.581387264E9 , 171
brick_pile_brickles , puck_core_assets , 5.759894016E9 , 94
brick_pile_brickles , puck_supply_brickles , 5.759894016E9 , 172
brick_pile_brickles , rack_pins_bowling , 5.75635456E9 , 78
brick_pile_brickles , right_brickles , 5.759894016E9 , 187
brick_pile_brickles , right_wall_pong , 5.758124032E9 , 78
brick_pile_brickles , save_score , 5.759894016E9 , 187
brick_pile_brickles , score_board_pong , 5.758124032E9 , 78
brick_pile_brickles , sprite_pair , 5.759894016E9 , 172
brick_pile_brickles , top_paddle_pong , 5.758124032E9 , 93
brickles_game_menu , ceiling_brickles , 6.583747584E9 , 172
brickles_game_menu , ceiling_pong , 6.581387264E9 , 93
brickles_game_menu , check_previous_best_score , 6.582972296E9 , 188
brickles_game_menu , dividing_line_pong , 6.581387264E9 , 78
brickles_game_menu , edge_bowling , 6.579027968E9 , 187
brickles_game_menu , floor_brickles , 6.583747584E9 , 78
brickles_game_menu , floor_pong , 6.581387264E9 , 187
brickles_game_menu , game_sprite , 1.3165944592E10 , 78
brickles_game_menu , gutter_bowling , 6.579027968E9 , 187
brickles_game_menu , lane_bowling , 6.579027968E9 , 78
brickles_game_menu , left_brickles , 6.582921664E9 , 187
brickles_game_menu , left_wall_pong , 6.580566016E9 , 94
brickles_game_menu , menu_bowling , 1.315654032E10 , 172
brickles_game_menu , menu_brickles , 1.3165944592E10 , 93
brickles_game_menu , menu_pong , 1.3161231264E10 , 187
brickles_game_menu , pin_bowling , 6.578271872E9 , 78
brickles_game_menu , play_bowling , 7.518471744E9 , 188
brickles_game_menu , play_brickles , 7.524741904E9 , 78
brickles_game_menu , play_pong , 7.52159904E9 , 187
brickles_game_menu , pong_game_menu , 6.580615632E9 , 78
brickles_game_menu , puck_core_assets , 6.58297416E9 , 172
brickles_game_menu , puck_supply_brickles , 6.582972296E9 , 94
brickles_game_menu , rack_pins_bowling , 6.579027968E9 , 171
brickles_game_menu , right_brickles , 6.582921664E9 , 94
brickles_game_menu , right_wall_pong , 6.580566016E9 , 171
brickles_game_menu , save_score , 6.582972296E9 , 94
brickles_game_menu , score_board_pong , 6.581387264E9 , 187
brickles_game_menu , sprite_pair , 6.582972296E9 , 94
brickles_game_menu , top_paddle_pong , 6.580617344E9 , 171
ceiling_brickles , ceiling_pong , 5.758124032E9 , 78
ceiling_brickles , check_previous_best_score , 5.759894016E9 , 188
ceiling_brickles , dividing_line_pong , 5.758124032E9 , 78
ceiling_brickles , edge_bowling , 5.75635456E9 , 187
ceiling_brickles , floor_brickles , 5.759894016E9 , 78
ceiling_brickles , floor_pong , 5.758124032E9 , 187
ceiling_brickles , game_sprite , 1.1519788032E10 , 78
ceiling_brickles , gutter_bowling , 5.75635456E9 , 187
ceiling_brickles , lane_bowling , 5.75635456E9 , 78
ceiling_brickles , left_brickles , 5.759894016E9 , 187
ceiling_brickles , left_wall_pong , 5.758124032E9 , 78
ceiling_brickles , menu_bowling , 1.151270912E10 , 188
ceiling_brickles , menu_brickles , 1.1519788032E10 , 78
ceiling_brickles , menu_pong , 1.1516248064E10 , 187
ceiling_brickles , pin_bowling , 5.75635456E9 , 78
ceiling_brickles , play_bowling , 6.579027968E9 , 171
ceiling_brickles , play_brickles , 6.583747584E9 , 94
ceiling_brickles , play_pong , 6.581387264E9 , 187
ceiling_brickles , pong_game_menu , 6.581387264E9 , 78
ceiling_brickles , puck_core_assets , 5.759894016E9 , 187
ceiling_brickles , puck_supply_brickles , 5.759894016E9 , 94
ceiling_brickles , rack_pins_bowling , 5.75635456E9 , 172
ceiling_brickles , right_brickles , 5.759894016E9 , 93
ceiling_brickles , right_wall_pong , 5.758124032E9 , 187
ceiling_brickles , save_score , 5.759894016E9 , 78
ceiling_brickles , score_board_pong , 5.758124032E9 , 188
ceiling_brickles , sprite_pair , 5.759894016E9 , 93
ceiling_brickles , top_paddle_pong , 5.758124032E9 , 187
ceiling_pong , check_previous_best_score , 5.761664E9 , 78
ceiling_pong , dividing_line_pong , 5.761664E9 , 188
ceiling_pong , edge_bowling , 5.758124032E9 , 93
ceiling_pong , floor_brickles , 5.758124032E9 , 187
ceiling_pong , floor_pong , 5.761664E9 , 94
ceiling_pong , game_sprite , 1.1523328E10 , 187
ceiling_pong , gutter_bowling , 5.758124032E9 , 94
ceiling_pong , lane_bowling , 5.758124032E9 , 187
ceiling_pong , left_brickles , 5.758124032E9 , 78
ceiling_pong , left_wall_pong , 5.761664E9 , 187
ceiling_pong , menu_bowling , 1.1516248064E10 , 94
ceiling_pong , menu_brickles , 1.1516248064E10 , 187
ceiling_pong , menu_pong , 1.1523328E10 , 94
ceiling_pong , pin_bowling , 5.758124032E9 , 187
ceiling_pong , play_bowling , 6.581387264E9 , 78
ceiling_pong , play_brickles , 6.581387264E9 , 187
ceiling_pong , play_pong , 6.586107904E9 , 94
ceiling_pong , pong_game_menu , 6.586107904E9 , 187
ceiling_pong , puck_core_assets , 5.761664E9 , 93
ceiling_pong , puck_supply_brickles , 5.758124032E9 , 188
ceiling_pong , rack_pins_bowling , 5.758124032E9 , 78
ceiling_pong , right_brickles , 5.758124032E9 , 187
ceiling_pong , right_wall_pong , 5.761664E9 , 93
ceiling_pong , save_score , 5.761664E9 , 188
ceiling_pong , score_board_pong , 5.761664E9 , 78
ceiling_pong , sprite_pair , 5.761664E9 , 202
ceiling_pong , top_paddle_pong , 5.761664E9 , 78
check_previous_best_score , dividing_line_pong , 5.761664E9 , 188
check_previous_best_score , edge_bowling , 5.759894016E9 , 109
check_previous_best_score , floor_brickles , 5.759894016E9 , 171
check_previous_best_score , floor_pong , 5.761664E9 , 94
check_previous_best_score , game_sprite , 1.1525506956E10 , 187
check_previous_best_score , gutter_bowling , 5.759894016E9 , 94
check_previous_best_score , lane_bowling , 5.759894016E9 , 187
check_previous_best_score , left_brickles , 5.75917424E9 , 78
check_previous_best_score , left_wall_pong , 5.760940736E9 , 203
check_previous_best_score , menu_bowling , 1.1518452288E10 , 78
check_previous_best_score , menu_brickles , 1.1518436576E10 , 187
check_previous_best_score , menu_pong , 1.1521971424E10 , 94
check_previous_best_score , pin_bowling , 5.75922768E9 , 187
check_previous_best_score , play_bowling , 6.582982788E9 , 93
check_previous_best_score , play_brickles , 6.582972296E9 , 188
check_previous_best_score , play_pong , 6.585329188E9 , 78
check_previous_best_score , pong_game_menu , 6.585329188E9 , 187
check_previous_best_score , puck_core_assets , 5.762755128E9 , 93
check_previous_best_score , puck_supply_brickles , 5.759218288E9 , 188
check_previous_best_score , rack_pins_bowling , 5.759894016E9 , 93
check_previous_best_score , right_brickles , 5.75917424E9 , 187
check_previous_best_score , right_wall_pong , 5.760940736E9 , 94
check_previous_best_score , save_score , 5.762753478E9 , 187
check_previous_best_score , score_board_pong , 5.761664E9 , 109
check_previous_best_score , sprite_pair , 5.762753478E9 , 188
check_previous_best_score , top_paddle_pong , 5.760987248E9 , 78
dividing_line_pong , edge_bowling , 5.758124032E9 , 187
dividing_line_pong , floor_brickles , 5.758124032E9 , 93
dividing_line_pong , floor_pong , 5.761664E9 , 188
dividing_line_pong , game_sprite , 1.1523328E10 , 93
dividing_line_pong , gutter_bowling , 5.758124032E9 , 203
dividing_line_pong , lane_bowling , 5.758124032E9 , 78
dividing_line_pong , left_brickles , 5.758124032E9 , 187
dividing_line_pong , left_wall_pong , 5.761664E9 , 94
dividing_line_pong , menu_bowling , 1.1516248064E10 , 187
dividing_line_pong , menu_brickles , 1.1516248064E10 , 94
dividing_line_pong , menu_pong , 1.1523328E10 , 187
dividing_line_pong , pin_bowling , 5.758124032E9 , 78
dividing_line_pong , play_bowling , 6.581387264E9 , 203
dividing_line_pong , play_brickles , 6.581387264E9 , 78
dividing_line_pong , play_pong , 6.586107904E9 , 187
dividing_line_pong , pong_game_menu , 6.586107904E9 , 93
dividing_line_pong , puck_core_assets , 5.761664E9 , 188
dividing_line_pong , puck_supply_brickles , 5.758124032E9 , 78
dividing_line_pong , rack_pins_bowling , 5.758124032E9 , 187
dividing_line_pong , right_brickles , 5.758124032E9 , 93
dividing_line_pong , right_wall_pong , 5.761664E9 , 219
dividing_line_pong , save_score , 5.761664E9 , 93
dividing_line_pong , score_board_pong , 5.761664E9 , 188
dividing_line_pong , sprite_pair , 5.761664E9 , 93
dividing_line_pong , top_paddle_pong , 5.761664E9 , 172
edge_bowling , floor_brickles , 5.75635456E9 , 93
edge_bowling , floor_pong , 5.758124032E9 , 188
edge_bowling , game_sprite , 1.1519788032E10 , 93
edge_bowling , gutter_bowling , 5.759894016E9 , 203
edge_bowling , lane_bowling , 5.759894016E9 , 78
edge_bowling , left_brickles , 5.75635456E9 , 187
edge_bowling , left_wall_pong , 5.758124032E9 , 94
edge_bowling , menu_bowling , 1.1519788032E10 , 187
edge_bowling , menu_brickles , 1.151270912E10 , 94
edge_bowling , menu_pong , 1.1516248064E10 , 187
edge_bowling , pin_bowling , 5.759894016E9 , 78
edge_bowling , play_bowling , 6.583747584E9 , 187
edge_bowling , play_brickles , 6.579027968E9 , 94
edge_bowling , play_pong , 6.581387264E9 , 187
edge_bowling , pong_game_menu , 6.581387264E9 , 78
edge_bowling , puck_core_assets , 5.759894016E9 , 203
edge_bowling , puck_supply_brickles , 5.75635456E9 , 78
edge_bowling , rack_pins_bowling , 5.759894016E9 , 187
edge_bowling , right_brickles , 5.75635456E9 , 93
edge_bowling , right_wall_pong , 5.758124032E9 , 188
edge_bowling , save_score , 5.759894016E9 , 78
edge_bowling , score_board_pong , 5.758124032E9 , 187
edge_bowling , sprite_pair , 5.759894016E9 , 93
edge_bowling , top_paddle_pong , 5.758124032E9 , 188
floor_brickles , floor_pong , 5.758124032E9 , 93
floor_brickles , game_sprite , 1.1519788032E10 , 187
floor_brickles , gutter_bowling , 5.75635456E9 , 78
floor_brickles , lane_bowling , 5.75635456E9 , 188
floor_brickles , left_brickles , 5.759894016E9 , 93
floor_brickles , left_wall_pong , 5.758124032E9 , 187
floor_brickles , menu_bowling , 1.151270912E10 , 110
floor_brickles , menu_brickles , 1.1519788032E10 , 187
floor_brickles , menu_pong , 1.1516248064E10 , 78
floor_brickles , pin_bowling , 5.75635456E9 , 187
floor_brickles , play_bowling , 6.579027968E9 , 78
floor_brickles , play_brickles , 6.583747584E9 , 187
floor_brickles , play_pong , 6.581387264E9 , 94
floor_brickles , pong_game_menu , 6.581387264E9 , 203
floor_brickles , puck_core_assets , 5.759894016E9 , 78
floor_brickles , puck_supply_brickles , 5.759894016E9 , 187
floor_brickles , rack_pins_bowling , 5.75635456E9 , 78
floor_brickles , right_brickles , 5.759894016E9 , 188
floor_brickles , right_wall_pong , 5.758124032E9 , 78
floor_brickles , save_score , 5.759894016E9 , 187
floor_brickles , score_board_pong , 5.758124032E9 , 93
floor_brickles , sprite_pair , 5.759894016E9 , 203
floor_brickles , top_paddle_pong , 5.758124032E9 , 78
floor_pong , game_sprite , 1.1523328E10 , 187
floor_pong , gutter_bowling , 5.758124032E9 , 78
floor_pong , lane_bowling , 5.758124032E9 , 172
floor_pong , left_brickles , 5.758124032E9 , 93
floor_pong , left_wall_pong , 5.761664E9 , 172
floor_pong , menu_bowling , 1.1516248064E10 , 109
floor_pong , menu_brickles , 1.1516248064E10 , 187
floor_pong , menu_pong , 1.1523328E10 , 78
floor_pong , pin_bowling , 5.758124032E9 , 187
floor_pong , play_bowling , 6.581387264E9 , 78
floor_pong , play_brickles , 6.581387264E9 , 188
floor_pong , play_pong , 6.586107904E9 , 78
floor_pong , pong_game_menu , 6.586107904E9 , 187
floor_pong , puck_core_assets , 5.761664E9 , 93
floor_pong , puck_supply_brickles , 5.758124032E9 , 188
floor_pong , rack_pins_bowling , 5.758124032E9 , 93
floor_pong , right_brickles , 5.758124032E9 , 172
floor_pong , right_wall_pong , 5.761664E9 , 93
floor_pong , save_score , 5.761664E9 , 188
floor_pong , score_board_pong , 5.761664E9 , 78
floor_pong , sprite_pair , 5.761664E9 , 187
floor_pong , top_paddle_pong , 5.761664E9 , 78
game_sprite , gutter_bowling , 1.1519788032E10 , 188
game_sprite , lane_bowling , 1.1519788032E10 , 93
game_sprite , left_brickles , 1.151834848E10 , 187
game_sprite , left_wall_pong , 1.1521881472E10 , 78
game_sprite , menu_bowling , 2.3036904576E10 , 188
game_sprite , menu_brickles , 2.3036873152E10 , 93
game_sprite , menu_pong , 2.3043942848E10 , 187
game_sprite , pin_bowling , 1.151845536E10 , 94
game_sprite , play_bowling , 1.3165965576E10 , 187
game_sprite , play_brickles , 1.3165944592E10 , 94
game_sprite , play_pong , 1.3170658376E10 , 171
game_sprite , pong_game_menu , 1.3170658376E10 , 94
game_sprite , puck_core_assets , 1.1525510256E10 , 187
game_sprite , puck_supply_brickles , 1.1518436576E10 , 109
game_sprite , rack_pins_bowling , 1.1519788032E10 , 188
game_sprite , right_brickles , 1.151834848E10 , 78
game_sprite , right_wall_pong , 1.1521881472E10 , 187
game_sprite , save_score , 1.1525506956E10 , 93
game_sprite , score_board_pong , 1.1523328E10 , 172
game_sprite , sprite_pair , 1.1525506956E10 , 93
game_sprite , top_paddle_pong , 1.1521974496E10 , 203
gutter_bowling , lane_bowling , 5.759894016E9 , 94
gutter_bowling , left_brickles , 5.75635456E9 , 171
gutter_bowling , left_wall_pong , 5.758124032E9 , 94
gutter_bowling , menu_bowling , 1.1519788032E10 , 187
gutter_bowling , menu_brickles , 1.151270912E10 , 78
gutter_bowling , menu_pong , 1.1516248064E10 , 187
gutter_bowling , pin_bowling , 5.759894016E9 , 109
gutter_bowling , play_bowling , 6.583747584E9 , 188
gutter_bowling , play_brickles , 6.579027968E9 , 78
gutter_bowling , play_pong , 6.581387264E9 , 202
gutter_bowling , pong_game_menu , 6.581387264E9 , 78
gutter_bowling , puck_core_assets , 5.759894016E9 , 188
gutter_bowling , puck_supply_brickles , 5.75635456E9 , 93
gutter_bowling , rack_pins_bowling , 5.759894016E9 , 187
gutter_bowling , right_brickles , 5.75635456E9 , 94
gutter_bowling , right_wall_pong , 5.758124032E9 , 172
gutter_bowling , save_score , 5.759894016E9 , 93
gutter_bowling , score_board_pong , 5.758124032E9 , 187
gutter_bowling , sprite_pair , 5.759894016E9 , 94
gutter_bowling , top_paddle_pong , 5.758124032E9 , 187
lane_bowling , left_brickles , 5.75635456E9 , 78
lane_bowling , left_wall_pong , 5.758124032E9 , 187
lane_bowling , menu_bowling , 1.1519788032E10 , 94
lane_bowling , menu_brickles , 1.151270912E10 , 187
lane_bowling , menu_pong , 1.1516248064E10 , 78
lane_bowling , pin_bowling , 5.759894016E9 , 187
lane_bowling , play_bowling , 6.583747584E9 , 94
lane_bowling , play_brickles , 6.579027968E9 , 187
lane_bowling , play_pong , 6.581387264E9 , 94
lane_bowling , pong_game_menu , 6.581387264E9 , 187
lane_bowling , puck_core_assets , 5.759894016E9 , 94
lane_bowling , puck_supply_brickles , 5.75635456E9 , 171
lane_bowling , rack_pins_bowling , 5.759894016E9 , 94
lane_bowling , right_brickles , 5.75635456E9 , 187
lane_bowling , right_wall_pong , 5.758124032E9 , 94
lane_bowling , save_score , 5.759894016E9 , 187
lane_bowling , score_board_pong , 5.758124032E9 , 93
lane_bowling , sprite_pair , 5.759894016E9 , 188
lane_bowling , top_paddle_pong , 5.758124032E9 , 78
left_brickles , left_wall_pong , 5.757407744E9 , 187
left_brickles , menu_bowling , 1.151129728E10 , 93
left_brickles , menu_brickles , 1.151834848E10 , 188
left_brickles , menu_pong , 1.1514815488E10 , 78
left_brickles , pin_bowling , 5.75564864E9 , 202
left_brickles , play_bowling , 6.578220544E9 , 78
left_brickles , play_brickles , 6.582921664E9 , 188
left_brickles , play_pong , 6.580566016E9 , 93
left_brickles , pong_game_menu , 6.580566016E9 , 172
left_brickles , puck_core_assets , 5.75917424E9 , 93
left_brickles , puck_supply_brickles , 5.75917424E9 , 188
left_brickles , rack_pins_bowling , 5.75635456E9 , 93
left_brickles , right_brickles , 5.75917424E9 , 187
left_brickles , right_wall_pong , 5.757407744E9 , 78
left_brickles , save_score , 5.75917424E9 , 188
left_brickles , score_board_pong , 5.758124032E9 , 93
left_brickles , sprite_pair , 5.75917424E9 , 187
left_brickles , top_paddle_pong , 5.757407744E9 , 78
left_wall_pong , menu_bowling , 1.1514829312E10 , 172
left_wall_pong , menu_brickles , 1.1514815488E10 , 93
left_wall_pong , menu_pong , 1.1521881472E10 , 187
left_wall_pong , pin_bowling , 5.757414656E9 , 94
left_wall_pong , play_bowling , 6.580575232E9 , 172
left_wall_pong , play_brickles , 6.580566016E9 , 78
left_wall_pong , play_pong , 6.585277312E9 , 187
left_wall_pong , pong_game_menu , 6.585277312E9 , 78
left_wall_pong , puck_core_assets , 5.760940736E9 , 203
left_wall_pong , puck_supply_brickles , 5.757407744E9 , 78
left_wall_pong , rack_pins_bowling , 5.758124032E9 , 187
left_wall_pong , right_brickles , 5.757407744E9 , 78
left_wall_pong , right_wall_pong , 5.760940736E9 , 187
left_wall_pong , save_score , 5.760940736E9 , 94
left_wall_pong , score_board_pong , 5.761664E9 , 187
left_wall_pong , sprite_pair , 5.760940736E9 , 78
left_wall_pong , top_paddle_pong , 5.760940736E9 , 187
menu_bowling , menu_brickles , 2.3022767712E10 , 94
menu_bowling , menu_pong , 2.3029835448E10 , 187
menu_bowling , pin_bowling , 1.151845536E10 , 93
menu_bowling , play_bowling , 1.3165965576E10 , 188
menu_bowling , play_brickles , 1.315654032E10 , 78
menu_bowling , play_pong , 1.3161252144E10 , 187
menu_bowling , pong_game_menu , 1.3161252144E10 , 93
menu_bowling , puck_core_assets , 1.151845536E10 , 203
menu_bowling , puck_supply_brickles , 1.1511383856E10 , 94
menu_bowling , rack_pins_bowling , 1.1519788032E10 , 187
menu_bowling , right_brickles , 1.151129728E10 , 78
menu_bowling , right_wall_pong , 1.1514829312E10 , 187
menu_bowling , save_score , 1.1518452288E10 , 94
menu_bowling , score_board_pong , 1.1516248064E10 , 187
menu_bowling , sprite_pair , 1.1518452288E10 , 78
menu_bowling , top_paddle_pong , 1.1514920576E10 , 187
menu_brickles , menu_pong , 2.3029804128E10 , 78
menu_brickles , pin_bowling , 1.1511386816E10 , 187
menu_brickles , play_bowling , 1.315654032E10 , 94
menu_brickles , play_brickles , 1.3165944592E10 , 187
menu_brickles , play_pong , 1.3161231264E10 , 78
menu_brickles , pong_game_menu , 1.3161231264E10 , 187
menu_brickles , puck_core_assets , 1.151843976E10 , 94
menu_brickles , puck_supply_brickles , 1.1518436576E10 , 171
menu_brickles , rack_pins_bowling , 1.151270912E10 , 94
menu_brickles , right_brickles , 1.151834848E10 , 187
menu_brickles , right_wall_pong , 1.1514815488E10 , 78
menu_brickles , save_score , 1.1518436576E10 , 187
menu_brickles , score_board_pong , 1.1516248064E10 , 94
menu_brickles , sprite_pair , 1.1518436576E10 , 187
menu_brickles , top_paddle_pong , 1.1514905024E10 , 78
menu_pong , pin_bowling , 1.1514920576E10 , 187
menu_pong , play_bowling , 1.3161252144E10 , 94
menu_pong , play_brickles , 1.3161231264E10 , 187
menu_pong , play_pong , 1.3170658376E10 , 78
menu_pong , pong_game_menu , 1.3170658376E10 , 203
menu_pong , puck_core_assets , 1.1521974496E10 , 93
menu_pong , puck_supply_brickles , 1.1514902064E10 , 188
menu_pong , rack_pins_bowling , 1.1516248064E10 , 93
menu_pong , right_brickles , 1.1514815488E10 , 187
menu_pong , right_wall_pong , 1.1521881472E10 , 94
menu_pong , save_score , 1.1521971424E10 , 187
menu_pong , score_board_pong , 1.1523328E10 , 94
menu_pong , sprite_pair , 1.1521971424E10 , 187
menu_pong , top_paddle_pong , 1.1521974496E10 , 94
pin_bowling , play_bowling , 6.582984576E9 , 187
pin_bowling , play_brickles , 6.578271872E9 , 93
pin_bowling , play_pong , 6.580627712E9 , 172
pin_bowling , pong_game_menu , 6.580627712E9 , 94
pin_bowling , puck_core_assets , 5.75922768E9 , 187
pin_bowling , puck_supply_brickles , 5.755693408E9 , 93
pin_bowling , rack_pins_bowling , 5.759894016E9 , 188
pin_bowling , right_brickles , 5.75564864E9 , 93
pin_bowling , right_wall_pong , 5.757414656E9 , 172
pin_bowling , save_score , 5.75922768E9 , 93
pin_bowling , score_board_pong , 5.758124032E9 , 188
pin_bowling , sprite_pair , 5.75922768E9 , 93
pin_bowling , top_paddle_pong , 5.757460288E9 , 187
play_bowling , play_brickles , 6.57827016E9 , 94
play_bowling , play_pong , 6.580626072E9 , 187
play_bowling , pong_game_menu , 7.52161296E9 , 78
play_bowling , puck_core_assets , 6.582984576E9 , 187
play_bowling , puck_supply_brickles , 6.57827016E9 , 94
play_bowling , rack_pins_bowling , 6.583747584E9 , 172
play_bowling , right_brickles , 6.578220544E9 , 93
play_bowling , right_wall_pong , 6.580575232E9 , 187
play_bowling , save_score , 6.582982788E9 , 94
play_bowling , score_board_pong , 6.581387264E9 , 187
play_bowling , sprite_pair , 6.582982788E9 , 94
play_bowling , top_paddle_pong , 6.580627712E9 , 171
play_brickles , play_pong , 6.580615632E9 , 94
play_brickles , pong_game_menu , 7.52159904E9 , 187
play_brickles , puck_core_assets , 6.58297416E9 , 78
play_brickles , puck_supply_brickles , 6.582972296E9 , 187
play_brickles , rack_pins_bowling , 6.579027968E9 , 94
play_brickles , right_brickles , 6.582921664E9 , 187
play_brickles , right_wall_pong , 6.580566016E9 , 78
play_brickles , save_score , 6.582972296E9 , 187
play_brickles , score_board_pong , 6.581387264E9 , 94
play_brickles , sprite_pair , 6.582972296E9 , 187
play_brickles , top_paddle_pong , 6.580617344E9 , 94
play_pong , pong_game_menu , 7.52788508E9 , 187
play_pong , puck_core_assets , 6.585330976E9 , 78
play_pong , puck_supply_brickles , 6.580615632E9 , 203
play_pong , rack_pins_bowling , 6.581387264E9 , 109
play_pong , right_brickles , 6.580566016E9 , 172
play_pong , right_wall_pong , 6.585277312E9 , 93
play_pong , save_score , 6.585329188E9 , 187
play_pong , score_board_pong , 6.586107904E9 , 94
play_pong , sprite_pair , 6.585329188E9 , 187
play_pong , top_paddle_pong , 6.585330976E9 , 78
pong_game_menu , puck_core_assets , 6.585330976E9 , 203
pong_game_menu , puck_supply_brickles , 6.580615632E9 , 78
pong_game_menu , rack_pins_bowling , 6.581387264E9 , 187
pong_game_menu , right_brickles , 6.580566016E9 , 94
pong_game_menu , right_wall_pong , 6.585277312E9 , 171
pong_game_menu , save_score , 6.585329188E9 , 94
pong_game_menu , score_board_pong , 6.586107904E9 , 187
pong_game_menu , sprite_pair , 6.585329188E9 , 94
pong_game_menu , top_paddle_pong , 6.585330976E9 , 171
puck_core_assets , puck_supply_brickles , 5.75921988E9 , 94
puck_core_assets , rack_pins_bowling , 5.759894016E9 , 172
puck_core_assets , right_brickles , 5.75917424E9 , 93
puck_core_assets , right_wall_pong , 5.760940736E9 , 187
puck_core_assets , save_score , 5.762755128E9 , 78
puck_core_assets , score_board_pong , 5.761664E9 , 188
puck_core_assets , sprite_pair , 5.762755128E9 , 93
puck_core_assets , top_paddle_pong , 5.760987248E9 , 172
puck_supply_brickles , rack_pins_bowling , 5.75635456E9 , 93
puck_supply_brickles , right_brickles , 5.75917424E9 , 172
puck_supply_brickles , right_wall_pong , 5.757407744E9 , 94
puck_supply_brickles , save_score , 5.759218288E9 , 187
puck_supply_brickles , score_board_pong , 5.758124032E9 , 78
puck_supply_brickles , sprite_pair , 5.759218288E9 , 187
puck_supply_brickles , top_paddle_pong , 5.757452512E9 , 78
rack_pins_bowling , right_brickles , 5.75635456E9 , 187
rack_pins_bowling , right_wall_pong , 5.758124032E9 , 78
rack_pins_bowling , save_score , 5.759894016E9 , 187
rack_pins_bowling , score_board_pong , 5.758124032E9 , 94
rack_pins_bowling , sprite_pair , 5.759894016E9 , 187
rack_pins_bowling , top_paddle_pong , 5.758124032E9 , 78
right_brickles , right_wall_pong , 5.757407744E9 , 187
right_brickles , save_score , 5.75917424E9 , 78
right_brickles , score_board_pong , 5.758124032E9 , 188
right_brickles , sprite_pair , 5.75917424E9 , 93
right_brickles , top_paddle_pong , 5.757407744E9 , 172
right_wall_pong , save_score , 5.760940736E9 , 93
right_wall_pong , score_board_pong , 5.761664E9 , 188
right_wall_pong , sprite_pair , 5.760940736E9 , 78
right_wall_pong , top_paddle_pong , 5.760940736E9 , 187
save_score , score_board_pong , 5.761664E9 , 93
save_score , sprite_pair , 5.762753478E9 , 188
save_score , top_paddle_pong , 5.760987248E9 , 93
score_board_pong , sprite_pair , 5.761664E9 , 187
score_board_pong , top_paddle_pong , 5.761664E9 , 78
sprite_pair , top_paddle_pong , 5.760987248E9 , 188
253964,1830
