SPLOT-REAL-FM-18.xml , 44 , 5.568156E7 , 27
activation_section , analysis , 2.7864E7 , 56
activation_section , annotation_section , 1.11456E7 , 23
activation_section , cobol , 2.48832E7 , 70
activation_section , conditional_perform_graph , 1.24416E7 , 22
activation_section , copybook_page , 1.3932E7 , 73
activation_section , database , 2.7864E7 , 4
activation_section , db2 , 9288000.0 , 56
activation_section , delphi , 1.39968E7 , 23
activation_section , doc_gen , 2.7864E7 , 55
activation_section , dutch , 1.8576E7 , 22
activation_section , dynamic , 2.22912E7 , 55
activation_section , english , 1.8576E7 , 22
activation_section , entities_section , 1.3932E7 , 55
activation_section , ibm_cobol , 1.24416E7 , 22
activation_section , indexes , 1.3932E7 , 56
activation_section , interaction , 2.7864E7 , 22
activation_section , jcl , 1.86624E7 , 55
activation_section , jcl_graph , 9331200.0 , 22
activation_section , language_analysis , 2.7864E7 , 57
activation_section , localization , 2.7864E7 , 22
activation_section , main_pages , 2.7864E7 , 55
activation_section , microfocus_cobol , 1.24416E7 , 21
activation_section , mysql , 9288000.0 , 55
activation_section , oracle , 9288000.0 , 23
activation_section , overview_graph , 1.3932E7 , 57
activation_section , parameters_section , 1.3932E7 , 21
activation_section , perform_graph , 1.24416E7 , 55
activation_section , presentation , 2.7864E7 , 21
activation_section , program_page , 2.7864E7 , 55
activation_section , progress , 1.39968E7 , 21
activation_section , search_page , 1.11456E7 , 53
activation_section , source_difference , 9288000.0 , 22
activation_section , source_page , 1.3932E7 , 55
activation_section , sql , 1.39968E7 , 23
activation_section , static , 5572800.0 , 54
activation_section , statistics_page , 1.8576E7 , 23
activation_section , subsystem_graph , 1.11456E7 , 54
activation_section , subsystem_page , 1.11456E7 , 21
activation_section , subsystems , 2.22912E7 , 54
activation_section , version_mngt , 1.8576E7 , 21
activation_section , visualizations , 2.603664E7 , 56
activation_section , with_history , 9288000.0 , 21
activation_section , without_history , 9288000.0 , 54
analysis , annotation_section , 2.22912E7 , 23
analysis , cobol , 4.9724928E7 , 57
analysis , conditional_perform_graph , 2.4862464E7 , 24
analysis , copybook_page , 2.7864E7 , 59
analysis , database , 5.568156E7 , 24
analysis , db2 , 1.856052E7 , 58
analysis , delphi , 2.7970272E7 , 27
analysis , doc_gen , 5.568156E7 , 57
analysis , dutch , 3.712104E7 , 25
analysis , dynamic , 4.455918E7 , 86
analysis , english , 3.712104E7 , 15
analysis , entities_section , 2.7864E7 , 46
analysis , ibm_cobol , 2.4862464E7 , 30
analysis , indexes , 2.7864E7 , 50
analysis , interaction , 5.568156E7 , 21
analysis , jcl , 3.7293696E7 , 52
analysis , jcl_graph , 1.8646848E7 , 23
analysis , language_analysis , 5.568156E7 , 58
analysis , localization , 5.568156E7 , 26
analysis , main_pages , 5.568156E7 , 57
analysis , microfocus_cobol , 2.4862464E7 , 23
analysis , mysql , 1.856052E7 , 59
analysis , oracle , 1.856052E7 , 27
analysis , overview_graph , 2.784078E7 , 58
analysis , parameters_section , 2.7864E7 , 22
analysis , perform_graph , 2.4862464E7 , 55
analysis , presentation , 5.568156E7 , 25
analysis , program_page , 5.15484E7 , 57
analysis , progress , 2.7970272E7 , 25
analysis , search_page , 2.22912E7 , 56
analysis , source_difference , 1.8576E7 , 25
analysis , source_page , 2.7864E7 , 59
analysis , sql , 2.7970272E7 , 25
analysis , static , 1.112238E7 , 57
analysis , statistics_page , 3.7152E7 , 25
analysis , subsystem_graph , 2.227572E7 , 56
analysis , subsystem_page , 2.22912E7 , 23
analysis , subsystems , 4.455144E7 , 57
analysis , version_mngt , 3.712878E7 , 23
analysis , visualizations , 5.2030224E7 , 56
analysis , with_history , 1.8576E7 , 25
analysis , without_history , 1.8576E7 , 57
annotation_section , cobol , 1.990656E7 , 22
annotation_section , conditional_perform_graph , 9953280.0 , 55
annotation_section , copybook_page , 1.11456E7 , 23
annotation_section , database , 2.22912E7 , 55
annotation_section , db2 , 7430400.0 , 23
annotation_section , delphi , 1.119744E7 , 56
annotation_section , doc_gen , 2.22912E7 , 22
annotation_section , dutch , 1.48608E7 , 57
annotation_section , dynamic , 2.22912E7 , 23
annotation_section , english , 1.48608E7 , 55
annotation_section , entities_section , 1.11456E7 , 22
annotation_section , ibm_cobol , 9953280.0 , 55
annotation_section , indexes , 1.11456E7 , 22
annotation_section , interaction , 2.22912E7 , 56
annotation_section , jcl , 1.492992E7 , 22
annotation_section , jcl_graph , 7464960.0 , 56
annotation_section , language_analysis , 2.22912E7 , 24
annotation_section , localization , 2.22912E7 , 55
annotation_section , main_pages , 2.22912E7 , 22
annotation_section , microfocus_cobol , 9953280.0 , 55
annotation_section , mysql , 7430400.0 , 50
annotation_section , oracle , 7430400.0 , 47
annotation_section , overview_graph , 1.11456E7 , 31
annotation_section , parameters_section , 1.11456E7 , 47
annotation_section , perform_graph , 9953280.0 , 15
annotation_section , presentation , 2.22912E7 , 42
annotation_section , program_page , 2.22912E7 , 22
annotation_section , progress , 1.119744E7 , 56
annotation_section , search_page , 1.11456E7 , 23
annotation_section , source_difference , 7430400.0 , 55
annotation_section , source_page , 1.11456E7 , 23
annotation_section , sql , 1.119744E7 , 56
annotation_section , static , 0.0 , 22
annotation_section , statistics_page , 1.48608E7 , 56
annotation_section , subsystem_graph , 8916480.0 , 22
annotation_section , subsystem_page , 8916480.0 , 55
annotation_section , subsystems , 1.783296E7 , 22
annotation_section , version_mngt , 1.48608E7 , 55
annotation_section , visualizations , 2.0829312E7 , 23
annotation_section , with_history , 7430400.0 , 55
annotation_section , without_history , 7430400.0 , 23
cobol , conditional_perform_graph , 2.4862464E7 , 56
cobol , copybook_page , 2.48832E7 , 26
cobol , database , 4.9724928E7 , 56
cobol , db2 , 1.6574976E7 , 25
cobol , delphi , 2.4862464E7 , 60
cobol , doc_gen , 4.9724928E7 , 23
cobol , dutch , 3.3149952E7 , 57
cobol , dynamic , 3.9792384E7 , 24
cobol , english , 3.3149952E7 , 56
cobol , entities_section , 2.48832E7 , 23
cobol , ibm_cobol , 2.4862464E7 , 57
cobol , indexes , 2.48832E7 , 23
cobol , interaction , 4.9724928E7 , 58
cobol , jcl , 3.3149952E7 , 23
cobol , jcl_graph , 1.6574976E7 , 56
cobol , language_analysis , 4.9724928E7 , 23
cobol , localization , 4.9724928E7 , 58
cobol , main_pages , 4.9724928E7 , 24
cobol , microfocus_cobol , 2.4862464E7 , 55
cobol , mysql , 1.6574976E7 , 25
cobol , oracle , 1.6574976E7 , 57
cobol , overview_graph , 2.4862464E7 , 23
cobol , parameters_section , 2.48832E7 , 55
cobol , perform_graph , 2.4862464E7 , 23
cobol , presentation , 4.9724928E7 , 56
cobol , program_page , 4.603392E7 , 24
cobol , progress , 2.4862464E7 , 58
cobol , search_page , 1.990656E7 , 23
cobol , source_difference , 1.65888E7 , 56
cobol , source_page , 2.48832E7 , 25
cobol , sql , 2.4862464E7 , 58
cobol , static , 9932544.0 , 24
cobol , statistics_page , 3.31776E7 , 57
cobol , subsystem_graph , 1.9892736E7 , 24
cobol , subsystem_page , 1.990656E7 , 56
cobol , subsystems , 3.9785472E7 , 48
cobol , version_mngt , 3.3156864E7 , 31
cobol , visualizations , 4.7238912E7 , 23
cobol , with_history , 1.65888E7 , 56
cobol , without_history , 1.65888E7 , 23
conditional_perform_graph , copybook_page , 1.24416E7 , 55
conditional_perform_graph , database , 2.4862464E7 , 25
conditional_perform_graph , db2 , 8287488.0 , 56
conditional_perform_graph , delphi , 1.2431232E7 , 24
conditional_perform_graph , doc_gen , 2.4862464E7 , 55
conditional_perform_graph , dutch , 1.6574976E7 , 23
conditional_perform_graph , dynamic , 1.9896192E7 , 56
conditional_perform_graph , english , 1.6574976E7 , 22
conditional_perform_graph , entities_section , 1.24416E7 , 56
conditional_perform_graph , ibm_cobol , 1.2431232E7 , 23
conditional_perform_graph , indexes , 1.24416E7 , 55
conditional_perform_graph , interaction , 2.4862464E7 , 24
conditional_perform_graph , jcl , 1.6574976E7 , 55
conditional_perform_graph , jcl_graph , 8287488.0 , 23
conditional_perform_graph , language_analysis , 2.4862464E7 , 56
conditional_perform_graph , localization , 2.4862464E7 , 23
conditional_perform_graph , main_pages , 2.4862464E7 , 55
conditional_perform_graph , microfocus_cobol , 1.2431232E7 , 23
conditional_perform_graph , mysql , 8287488.0 , 56
conditional_perform_graph , oracle , 8287488.0 , 24
conditional_perform_graph , overview_graph , 1.2431232E7 , 57
conditional_perform_graph , parameters_section , 1.24416E7 , 21
conditional_perform_graph , perform_graph , 1.2431232E7 , 56
conditional_perform_graph , presentation , 2.4862464E7 , 23
conditional_perform_graph , program_page , 2.301696E7 , 55
conditional_perform_graph , progress , 1.2431232E7 , 23
conditional_perform_graph , search_page , 9953280.0 , 57
conditional_perform_graph , source_difference , 8294400.0 , 23
conditional_perform_graph , source_page , 1.24416E7 , 55
conditional_perform_graph , sql , 1.2431232E7 , 23
conditional_perform_graph , static , 4966272.0 , 56
conditional_perform_graph , statistics_page , 1.65888E7 , 23
conditional_perform_graph , subsystem_graph , 9946368.0 , 56
conditional_perform_graph , subsystem_page , 9953280.0 , 23
conditional_perform_graph , subsystems , 1.9892736E7 , 57
conditional_perform_graph , version_mngt , 1.6578432E7 , 24
conditional_perform_graph , visualizations , 2.4862464E7 , 55
conditional_perform_graph , with_history , 8294400.0 , 23
conditional_perform_graph , without_history , 8294400.0 , 56
copybook_page , database , 2.7864E7 , 25
copybook_page , db2 , 9288000.0 , 66
copybook_page , delphi , 1.39968E7 , 27
copybook_page , doc_gen , 2.7864E7 , 63
copybook_page , dutch , 1.8576E7 , 27
copybook_page , dynamic , 2.22912E7 , 58
copybook_page , english , 1.8576E7 , 25
copybook_page , entities_section , 1.3932E7 , 74
copybook_page , ibm_cobol , 1.24416E7 , 32
copybook_page , indexes , 1.3932E7 , 47
copybook_page , interaction , 2.7864E7 , 15
copybook_page , jcl , 1.86624E7 , 57
copybook_page , jcl_graph , 9331200.0 , 24
copybook_page , language_analysis , 2.7864E7 , 58
copybook_page , localization , 2.7864E7 , 26
copybook_page , main_pages , 2.7864E7 , 58
copybook_page , microfocus_cobol , 1.24416E7 , 24
copybook_page , mysql , 9288000.0 , 61
copybook_page , oracle , 9288000.0 , 27
copybook_page , overview_graph , 1.3932E7 , 58
copybook_page , parameters_section , 1.3932E7 , 23
copybook_page , perform_graph , 1.24416E7 , 56
copybook_page , presentation , 2.7864E7 , 25
copybook_page , program_page , 2.57742E7 , 57
copybook_page , progress , 1.39968E7 , 27
copybook_page , search_page , 1.11456E7 , 56
copybook_page , source_difference , 9288000.0 , 26
copybook_page , source_page , 1.3932E7 , 60
copybook_page , sql , 1.39968E7 , 26
copybook_page , static , 5572800.0 , 59
copybook_page , statistics_page , 1.8576E7 , 26
copybook_page , subsystem_graph , 1.11456E7 , 57
copybook_page , subsystem_page , 1.11456E7 , 24
copybook_page , subsystems , 2.22912E7 , 58
copybook_page , version_mngt , 1.8576E7 , 25
copybook_page , visualizations , 2.603664E7 , 64
copybook_page , with_history , 9288000.0 , 25
copybook_page , without_history , 9288000.0 , 57
database , db2 , 1.856052E7 , 25
database , delphi , 2.7970272E7 , 61
database , doc_gen , 5.568156E7 , 24
database , dutch , 3.712104E7 , 59
database , dynamic , 4.455918E7 , 25
database , english , 3.712104E7 , 59
database , entities_section , 2.7864E7 , 24
database , ibm_cobol , 2.4862464E7 , 57
database , indexes , 2.7864E7 , 24
database , interaction , 5.568156E7 , 58
database , jcl , 3.7293696E7 , 22
database , jcl_graph , 1.8646848E7 , 55
database , language_analysis , 5.568156E7 , 24
database , localization , 5.568156E7 , 62
database , main_pages , 5.568156E7 , 28
database , microfocus_cobol , 2.4862464E7 , 64
database , mysql , 1.856052E7 , 31
database , oracle , 1.856052E7 , 69
database , overview_graph , 2.784078E7 , 29
database , parameters_section , 2.7864E7 , 74
database , perform_graph , 2.4862464E7 , 34
database , presentation , 5.568156E7 , 75
database , program_page , 5.15484E7 , 34
database , progress , 2.7970272E7 , 81
database , search_page , 2.22912E7 , 25
database , source_difference , 1.8576E7 , 59
database , source_page , 2.7864E7 , 27
database , sql , 2.7970272E7 , 58
database , static , 1.112238E7 , 25
database , statistics_page , 3.7152E7 , 58
database , subsystem_graph , 2.227572E7 , 23
database , subsystem_page , 2.22912E7 , 62
database , subsystems , 4.455144E7 , 41
database , version_mngt , 3.712878E7 , 65
database , visualizations , 5.2030224E7 , 34
database , with_history , 1.8576E7 , 76
database , without_history , 1.8576E7 , 29
db2 , delphi , 9323424.0 , 74
db2 , doc_gen , 1.856052E7 , 29
db2 , dutch , 1.237368E7 , 63
db2 , dynamic , 1.485306E7 , 33
db2 , english , 1.237368E7 , 61
db2 , entities_section , 9288000.0 , 25
db2 , ibm_cobol , 8287488.0 , 58
db2 , indexes , 9288000.0 , 26
db2 , interaction , 1.856052E7 , 63
db2 , jcl , 1.2431232E7 , 24
db2 , jcl_graph , 6215616.0 , 58
db2 , language_analysis , 1.856052E7 , 26
db2 , localization , 1.856052E7 , 59
db2 , main_pages , 1.856052E7 , 25
db2 , microfocus_cobol , 8287488.0 , 58
db2 , mysql , 0.0 , 23
db2 , oracle , 0.0 , 57
db2 , overview_graph , 9280260.0 , 25
db2 , parameters_section , 9288000.0 , 56
db2 , perform_graph , 8287488.0 , 24
db2 , presentation , 1.856052E7 , 59
db2 , program_page , 1.71828E7 , 24
db2 , progress , 9323424.0 , 60
db2 , search_page , 7430400.0 , 24
db2 , source_difference , 6192000.0 , 58
db2 , source_page , 9288000.0 , 28
db2 , sql , 9323424.0 , 59
db2 , static , 3707460.0 , 26
db2 , statistics_page , 1.2384E7 , 61
db2 , subsystem_graph , 7425240.0 , 24
db2 , subsystem_page , 7430400.0 , 60
db2 , subsystems , 1.485048E7 , 25
db2 , version_mngt , 1.237626E7 , 58
db2 , visualizations , 1.7343408E7 , 28
db2 , with_history , 6192000.0 , 76
db2 , without_history , 6192000.0 , 26
delphi , doc_gen , 2.7970272E7 , 61
delphi , dutch , 1.8646848E7 , 25
delphi , dynamic , 2.2383216E7 , 60
delphi , english , 1.8646848E7 , 25
delphi , entities_section , 1.39968E7 , 62
delphi , ibm_cobol , 1.2431232E7 , 27
delphi , indexes , 1.39968E7 , 61
delphi , interaction , 2.7970272E7 , 28
delphi , jcl , 1.8646848E7 , 62
delphi , jcl_graph , 9323424.0 , 25
delphi , language_analysis , 2.7970272E7 , 60
delphi , localization , 2.7970272E7 , 27
delphi , main_pages , 2.7970272E7 , 64
delphi , microfocus_cobol , 1.2431232E7 , 26
delphi , mysql , 9323424.0 , 63
delphi , oracle , 9323424.0 , 28
delphi , overview_graph , 1.3985136E7 , 60
delphi , parameters_section , 1.39968E7 , 26
delphi , perform_graph , 1.2431232E7 , 58
delphi , presentation , 2.7970272E7 , 27
delphi , program_page , 2.589408E7 , 60
delphi , progress , 1.3985136E7 , 29
delphi , search_page , 1.119744E7 , 61
delphi , source_difference , 9331200.0 , 25
delphi , source_page , 1.39968E7 , 61
delphi , sql , 1.3985136E7 , 27
delphi , static , 5587056.0 , 62
delphi , statistics_page , 1.86624E7 , 28
delphi , subsystem_graph , 1.1189664E7 , 61
delphi , subsystem_page , 1.119744E7 , 26
delphi , subsystems , 2.2379328E7 , 62
delphi , version_mngt , 1.8650736E7 , 26
delphi , visualizations , 2.610576E7 , 63
delphi , with_history , 9331200.0 , 27
delphi , without_history , 9331200.0 , 60
doc_gen , dutch , 3.712104E7 , 25
doc_gen , dynamic , 4.455918E7 , 60
doc_gen , english , 3.712104E7 , 24
doc_gen , entities_section , 2.7864E7 , 60
doc_gen , ibm_cobol , 2.4862464E7 , 25
doc_gen , indexes , 2.7864E7 , 59
doc_gen , interaction , 5.568156E7 , 26
doc_gen , jcl , 3.7293696E7 , 58
doc_gen , jcl_graph , 1.8646848E7 , 23
doc_gen , language_analysis , 5.568156E7 , 69
doc_gen , localization , 5.568156E7 , 30
doc_gen , main_pages , 5.568156E7 , 68
doc_gen , microfocus_cobol , 2.4862464E7 , 25
doc_gen , mysql , 1.856052E7 , 66
doc_gen , oracle , 1.856052E7 , 29
doc_gen , overview_graph , 2.784078E7 , 67
doc_gen , parameters_section , 2.7864E7 , 26
doc_gen , perform_graph , 2.4862464E7 , 58
doc_gen , presentation , 5.568156E7 , 25
doc_gen , program_page , 5.15484E7 , 58
doc_gen , progress , 2.7970272E7 , 27
doc_gen , search_page , 2.22912E7 , 60
doc_gen , source_difference , 1.8576E7 , 29
doc_gen , source_page , 2.7864E7 , 72
doc_gen , sql , 2.7970272E7 , 26
doc_gen , static , 1.112238E7 , 63
doc_gen , statistics_page , 3.7152E7 , 26
doc_gen , subsystem_graph , 2.227572E7 , 60
doc_gen , subsystem_page , 2.22912E7 , 23
doc_gen , subsystems , 4.455144E7 , 60
doc_gen , version_mngt , 3.712878E7 , 23
doc_gen , visualizations , 5.2030224E7 , 60
doc_gen , with_history , 1.8576E7 , 25
doc_gen , without_history , 1.8576E7 , 58
dutch , dynamic , 2.970612E7 , 25
dutch , english , 1.856052E7 , 60
dutch , entities_section , 1.8576E7 , 25
dutch , ibm_cobol , 1.6574976E7 , 59
dutch , indexes , 1.8576E7 , 25
dutch , interaction , 3.712104E7 , 60
dutch , jcl , 2.4862464E7 , 25
dutch , jcl_graph , 1.2431232E7 , 60
dutch , language_analysis , 3.712104E7 , 25
dutch , localization , 3.712104E7 , 60
dutch , main_pages , 3.712104E7 , 28
dutch , microfocus_cobol , 1.6574976E7 , 59
dutch , mysql , 1.237368E7 , 26
dutch , oracle , 1.237368E7 , 60
dutch , overview_graph , 1.856052E7 , 26
dutch , parameters_section , 1.8576E7 , 58
dutch , perform_graph , 1.6574976E7 , 23
dutch , presentation , 3.712104E7 , 59
dutch , program_page , 3.43656E7 , 24
dutch , progress , 1.8646848E7 , 60
dutch , search_page , 1.48608E7 , 24
dutch , source_difference , 1.2384E7 , 60
dutch , source_page , 1.8576E7 , 26
dutch , sql , 1.8646848E7 , 60
dutch , static , 7414920.0 , 25
dutch , statistics_page , 2.4768E7 , 59
dutch , subsystem_graph , 1.485048E7 , 25
dutch , subsystem_page , 1.48608E7 , 59
dutch , subsystems , 2.970096E7 , 25
dutch , version_mngt , 2.475252E7 , 59
dutch , visualizations , 3.4686816E7 , 25
dutch , with_history , 1.2384E7 , 61
dutch , without_history , 1.2384E7 , 25
dynamic , english , 2.970612E7 , 60
dynamic , entities_section , 2.22912E7 , 26
dynamic , ibm_cobol , 1.9896192E7 , 61
dynamic , indexes , 2.22912E7 , 26
dynamic , interaction , 4.455918E7 , 61
dynamic , jcl , 2.9844288E7 , 25
dynamic , jcl_graph , 1.4922144E7 , 60
dynamic , language_analysis , 4.455918E7 , 25
dynamic , localization , 4.455918E7 , 60
dynamic , main_pages , 4.455918E7 , 25
dynamic , microfocus_cobol , 1.9896192E7 , 59
dynamic , mysql , 1.485306E7 , 28
dynamic , oracle , 1.485306E7 , 60
dynamic , overview_graph , 2.227959E7 , 26
dynamic , parameters_section , 2.22912E7 , 58
dynamic , perform_graph , 1.9896192E7 , 24
dynamic , presentation , 4.455918E7 , 60
dynamic , program_page , 4.1796E7 , 24
dynamic , progress , 2.2383216E7 , 60
dynamic , search_page , 2.22912E7 , 25
dynamic , source_difference , 1.48608E7 , 59
dynamic , source_page , 2.22912E7 , 26
dynamic , sql , 2.2383216E7 , 61
dynamic , static , 0.0 , 23
dynamic , statistics_page , 2.97216E7 , 64
dynamic , subsystem_graph , 1.782522E7 , 25
dynamic , subsystem_page , 1.783296E7 , 59
dynamic , subsystems , 3.565044E7 , 24
dynamic , version_mngt , 2.970999E7 , 60
dynamic , visualizations , 4.1637096E7 , 25
dynamic , with_history , 1.48608E7 , 59
dynamic , without_history , 1.48608E7 , 25
english , entities_section , 1.8576E7 , 59
english , ibm_cobol , 1.6574976E7 , 23
english , indexes , 1.8576E7 , 59
english , interaction , 3.712104E7 , 25
english , jcl , 2.4862464E7 , 58
english , jcl_graph , 1.2431232E7 , 24
english , language_analysis , 3.712104E7 , 59
english , localization , 3.712104E7 , 24
english , main_pages , 3.712104E7 , 59
english , microfocus_cobol , 1.6574976E7 , 23
english , mysql , 1.237368E7 , 60
english , oracle , 1.237368E7 , 26
english , overview_graph , 1.856052E7 , 58
english , parameters_section , 1.8576E7 , 23
english , perform_graph , 1.6574976E7 , 58
english , presentation , 3.712104E7 , 24
english , program_page , 3.43656E7 , 57
english , progress , 1.8646848E7 , 26
english , search_page , 1.48608E7 , 59
english , source_difference , 1.2384E7 , 24
english , source_page , 1.8576E7 , 59
english , sql , 1.8646848E7 , 23
english , static , 7414920.0 , 58
english , statistics_page , 2.4768E7 , 24
english , subsystem_graph , 1.485048E7 , 58
english , subsystem_page , 1.48608E7 , 24
english , subsystems , 2.970096E7 , 58
english , version_mngt , 2.475252E7 , 23
english , visualizations , 3.4686816E7 , 58
english , with_history , 1.2384E7 , 24
english , without_history , 1.2384E7 , 59
entities_section , ibm_cobol , 1.24416E7 , 24
entities_section , indexes , 1.3932E7 , 58
entities_section , interaction , 2.7864E7 , 25
entities_section , jcl , 1.86624E7 , 58
entities_section , jcl_graph , 9331200.0 , 24
entities_section , language_analysis , 2.7864E7 , 59
entities_section , localization , 2.7864E7 , 24
entities_section , main_pages , 2.7864E7 , 58
entities_section , microfocus_cobol , 1.24416E7 , 24
entities_section , mysql , 9288000.0 , 58
entities_section , oracle , 9288000.0 , 25
entities_section , overview_graph , 1.3932E7 , 59
entities_section , parameters_section , 1.3932E7 , 24
entities_section , perform_graph , 1.24416E7 , 59
entities_section , presentation , 2.7864E7 , 24
entities_section , program_page , 2.7864E7 , 58
entities_section , progress , 1.39968E7 , 25
entities_section , search_page , 1.11456E7 , 57
entities_section , source_difference , 9288000.0 , 24
entities_section , source_page , 1.3932E7 , 58
entities_section , sql , 1.39968E7 , 25
entities_section , static , 5572800.0 , 58
entities_section , statistics_page , 1.8576E7 , 25
entities_section , subsystem_graph , 1.11456E7 , 58
entities_section , subsystem_page , 1.11456E7 , 24
entities_section , subsystems , 2.22912E7 , 59
entities_section , version_mngt , 1.8576E7 , 24
entities_section , visualizations , 2.603664E7 , 58
entities_section , with_history , 9288000.0 , 24
entities_section , without_history , 9288000.0 , 58
ibm_cobol , indexes , 1.24416E7 , 24
ibm_cobol , interaction , 2.4862464E7 , 59
ibm_cobol , jcl , 1.6574976E7 , 24
ibm_cobol , jcl_graph , 8287488.0 , 57
ibm_cobol , language_analysis , 2.4862464E7 , 24
ibm_cobol , localization , 2.4862464E7 , 60
ibm_cobol , main_pages , 2.4862464E7 , 25
ibm_cobol , microfocus_cobol , 0.0 , 58
ibm_cobol , mysql , 8287488.0 , 25
ibm_cobol , oracle , 8287488.0 , 60
ibm_cobol , overview_graph , 1.2431232E7 , 23
ibm_cobol , parameters_section , 1.24416E7 , 58
ibm_cobol , perform_graph , 1.2431232E7 , 23
ibm_cobol , presentation , 2.4862464E7 , 59
ibm_cobol , program_page , 2.301696E7 , 25
ibm_cobol , progress , 1.2431232E7 , 60
ibm_cobol , search_page , 9953280.0 , 23
ibm_cobol , source_difference , 8294400.0 , 59
ibm_cobol , source_page , 1.24416E7 , 25
ibm_cobol , sql , 1.2431232E7 , 60
ibm_cobol , static , 4966272.0 , 24
ibm_cobol , statistics_page , 1.65888E7 , 59
ibm_cobol , subsystem_graph , 9946368.0 , 24
ibm_cobol , subsystem_page , 9953280.0 , 58
ibm_cobol , subsystems , 1.9892736E7 , 24
ibm_cobol , version_mngt , 1.6578432E7 , 59
ibm_cobol , visualizations , 2.3619456E7 , 24
ibm_cobol , with_history , 8294400.0 , 58
ibm_cobol , without_history , 8294400.0 , 25
indexes , interaction , 2.7864E7 , 62
indexes , jcl , 1.86624E7 , 26
indexes , jcl_graph , 9331200.0 , 63
indexes , language_analysis , 2.7864E7 , 30
indexes , localization , 2.7864E7 , 66
indexes , main_pages , 2.7864E7 , 27
indexes , microfocus_cobol , 1.24416E7 , 75
indexes , mysql , 9288000.0 , 27
indexes , oracle , 9288000.0 , 66
indexes , overview_graph , 1.3932E7 , 29
indexes , parameters_section , 1.3932E7 , 58
indexes , perform_graph , 1.24416E7 , 25
indexes , presentation , 2.7864E7 , 63
indexes , program_page , 2.57742E7 , 27
indexes , progress , 1.39968E7 , 66
indexes , search_page , 1.11456E7 , 25
indexes , source_difference , 9288000.0 , 63
indexes , source_page , 1.3932E7 , 28
indexes , sql , 1.39968E7 , 65
indexes , static , 5572800.0 , 27
indexes , statistics_page , 1.8576E7 , 65
indexes , subsystem_graph , 1.11456E7 , 25
indexes , subsystem_page , 1.11456E7 , 61
indexes , subsystems , 2.22912E7 , 25
indexes , version_mngt , 1.8576E7 , 67
indexes , visualizations , 2.603664E7 , 26
indexes , with_history , 9288000.0 , 62
indexes , without_history , 9288000.0 , 25
interaction , jcl , 3.7293696E7 , 62
interaction , jcl_graph , 1.8646848E7 , 28
interaction , language_analysis , 5.568156E7 , 80
interaction , localization , 5.568156E7 , 31
interaction , main_pages , 5.568156E7 , 63
interaction , microfocus_cobol , 2.4862464E7 , 25
interaction , mysql , 1.856052E7 , 65
interaction , oracle , 1.856052E7 , 30
interaction , overview_graph , 2.784078E7 , 64
interaction , parameters_section , 2.7864E7 , 27
interaction , perform_graph , 2.4862464E7 , 60
interaction , presentation , 5.568156E7 , 32
interaction , program_page , 5.15484E7 , 63
interaction , progress , 2.7970272E7 , 28
interaction , search_page , 2.22912E7 , 62
interaction , source_difference , 1.8576E7 , 31
interaction , source_page , 2.7864E7 , 66
interaction , sql , 2.7970272E7 , 48
interaction , static , 1.112238E7 , 73
interaction , statistics_page , 3.7152E7 , 67
interaction , subsystem_graph , 2.227572E7 , 75
interaction , subsystem_page , 2.22912E7 , 38
interaction , subsystems , 4.455144E7 , 74
interaction , version_mngt , 3.712878E7 , 46
interaction , visualizations , 5.2030224E7 , 66
interaction , with_history , 1.8576E7 , 64
interaction , without_history , 1.8576E7 , 68
jcl , jcl_graph , 1.8646848E7 , 26
jcl , language_analysis , 3.7293696E7 , 65
jcl , localization , 3.7293696E7 , 58
jcl , main_pages , 3.7293696E7 , 65
jcl , microfocus_cobol , 1.6574976E7 , 26
jcl , mysql , 1.2431232E7 , 67
jcl , oracle , 1.2431232E7 , 31
jcl , overview_graph , 1.8646848E7 , 63
jcl , parameters_section , 1.86624E7 , 32
jcl , perform_graph , 1.6574976E7 , 63
jcl , presentation , 3.7293696E7 , 26
jcl , program_page , 3.452544E7 , 64
jcl , progress , 1.8646848E7 , 27
jcl , search_page , 1.492992E7 , 62
jcl , source_difference , 1.24416E7 , 28
jcl , source_page , 1.86624E7 , 62
jcl , sql , 1.8646848E7 , 28
jcl , static , 7449408.0 , 61
jcl , statistics_page , 2.48832E7 , 25
jcl , subsystem_graph , 1.4919552E7 , 67
jcl , subsystem_page , 1.492992E7 , 25
jcl , subsystems , 2.9839104E7 , 76
jcl , version_mngt , 2.4867648E7 , 29
jcl , visualizations , 3.5429184E7 , 63
jcl , with_history , 1.24416E7 , 26
jcl , without_history , 1.24416E7 , 65
jcl_graph , language_analysis , 1.8646848E7 , 40
jcl_graph , localization , 1.8646848E7 , 63
jcl_graph , main_pages , 1.8646848E7 , 34
jcl_graph , microfocus_cobol , 8287488.0 , 66
jcl_graph , mysql , 6215616.0 , 41
jcl_graph , oracle , 6215616.0 , 62
jcl_graph , overview_graph , 9323424.0 , 32
jcl_graph , parameters_section , 9331200.0 , 63
jcl_graph , perform_graph , 8287488.0 , 25
jcl_graph , presentation , 1.8646848E7 , 60
jcl_graph , program_page , 1.726272E7 , 21
jcl_graph , progress , 9323424.0 , 57
jcl_graph , search_page , 7464960.0 , 24
jcl_graph , source_difference , 6220800.0 , 57
jcl_graph , source_page , 9331200.0 , 24
jcl_graph , sql , 9323424.0 , 57
jcl_graph , static , 3724704.0 , 24
jcl_graph , statistics_page , 1.24416E7 , 57
jcl_graph , subsystem_graph , 7459776.0 , 22
jcl_graph , subsystem_page , 7464960.0 , 58
jcl_graph , subsystems , 1.4919552E7 , 23
jcl_graph , version_mngt , 1.2433824E7 , 59
jcl_graph , visualizations , 1.8646848E7 , 24
jcl_graph , with_history , 6220800.0 , 57
jcl_graph , without_history , 6220800.0 , 23
language_analysis , localization , 5.568156E7 , 60
language_analysis , main_pages , 5.568156E7 , 25
language_analysis , microfocus_cobol , 2.4862464E7 , 60
language_analysis , mysql , 1.856052E7 , 26
language_analysis , oracle , 1.856052E7 , 73
language_analysis , overview_graph , 2.784078E7 , 23
language_analysis , parameters_section , 2.7864E7 , 55
language_analysis , perform_graph , 2.4862464E7 , 22
language_analysis , presentation , 5.568156E7 , 61
language_analysis , program_page , 5.15484E7 , 23
language_analysis , progress , 2.7970272E7 , 58
language_analysis , search_page , 2.22912E7 , 22
language_analysis , source_difference , 1.8576E7 , 57
language_analysis , source_page , 2.7864E7 , 27
language_analysis , sql , 2.7970272E7 , 60
language_analysis , static , 1.112238E7 , 26
language_analysis , statistics_page , 3.7152E7 , 61
language_analysis , subsystem_graph , 2.227572E7 , 24
language_analysis , subsystem_page , 2.22912E7 , 60
language_analysis , subsystems , 4.455144E7 , 25
language_analysis , version_mngt , 3.712878E7 , 58
language_analysis , visualizations , 5.2030224E7 , 25
language_analysis , with_history , 1.8576E7 , 59
language_analysis , without_history , 1.8576E7 , 24
localization , main_pages , 5.568156E7 , 62
localization , microfocus_cobol , 2.4862464E7 , 24
localization , mysql , 1.856052E7 , 63
localization , oracle , 1.856052E7 , 30
localization , overview_graph , 2.784078E7 , 60
localization , parameters_section , 2.7864E7 , 25
localization , perform_graph , 2.4862464E7 , 61
localization , presentation , 5.568156E7 , 27
localization , program_page , 5.15484E7 , 62
localization , progress , 2.7970272E7 , 28
localization , search_page , 2.22912E7 , 61
localization , source_difference , 1.8576E7 , 27
localization , source_page , 2.7864E7 , 63
localization , sql , 2.7970272E7 , 25
localization , static , 1.112238E7 , 62
localization , statistics_page , 3.7152E7 , 28
localization , subsystem_graph , 2.227572E7 , 63
localization , subsystem_page , 2.22912E7 , 27
localization , subsystems , 4.455144E7 , 60
localization , version_mngt , 3.712878E7 , 25
localization , visualizations , 5.2030224E7 , 62
localization , with_history , 1.8576E7 , 27
localization , without_history , 1.8576E7 , 60
main_pages , microfocus_cobol , 2.4862464E7 , 24
main_pages , mysql , 1.856052E7 , 82
main_pages , oracle , 1.856052E7 , 27
main_pages , overview_graph , 2.784078E7 , 58
main_pages , parameters_section , 2.7864E7 , 24
main_pages , perform_graph , 2.4862464E7 , 59
main_pages , presentation , 5.568156E7 , 24
main_pages , program_page , 5.15484E7 , 63
main_pages , progress , 2.7970272E7 , 29
main_pages , search_page , 2.22912E7 , 62
main_pages , source_difference , 1.8576E7 , 28
main_pages , source_page , 2.7864E7 , 62
main_pages , sql , 2.7970272E7 , 26
main_pages , static , 1.112238E7 , 62
main_pages , statistics_page , 3.7152E7 , 27
main_pages , subsystem_graph , 2.227572E7 , 59
main_pages , subsystem_page , 2.22912E7 , 24
main_pages , subsystems , 4.455144E7 , 58
main_pages , version_mngt , 3.712878E7 , 24
main_pages , visualizations , 5.2030224E7 , 60
main_pages , with_history , 1.8576E7 , 23
main_pages , without_history , 1.8576E7 , 56
microfocus_cobol , mysql , 8287488.0 , 23
microfocus_cobol , oracle , 8287488.0 , 56
microfocus_cobol , overview_graph , 1.2431232E7 , 24
microfocus_cobol , parameters_section , 1.24416E7 , 55
microfocus_cobol , perform_graph , 1.2431232E7 , 22
microfocus_cobol , presentation , 2.4862464E7 , 56
microfocus_cobol , program_page , 2.301696E7 , 22
microfocus_cobol , progress , 1.2431232E7 , 58
microfocus_cobol , search_page , 9953280.0 , 23
microfocus_cobol , source_difference , 8294400.0 , 57
microfocus_cobol , source_page , 1.24416E7 , 24
microfocus_cobol , sql , 1.2431232E7 , 58
microfocus_cobol , static , 4966272.0 , 23
microfocus_cobol , statistics_page , 1.65888E7 , 58
microfocus_cobol , subsystem_graph , 9946368.0 , 22
microfocus_cobol , subsystem_page , 9953280.0 , 56
microfocus_cobol , subsystems , 1.9892736E7 , 23
microfocus_cobol , version_mngt , 1.6578432E7 , 54
microfocus_cobol , visualizations , 2.3619456E7 , 22
microfocus_cobol , with_history , 8294400.0 , 54
microfocus_cobol , without_history , 8294400.0 , 22
mysql , oracle , 0.0 , 56
mysql , overview_graph , 9280260.0 , 25
mysql , parameters_section , 9288000.0 , 57
mysql , perform_graph , 8287488.0 , 23
mysql , presentation , 1.856052E7 , 60
mysql , program_page , 1.71828E7 , 26
mysql , progress , 9323424.0 , 66
mysql , search_page , 7430400.0 , 27
mysql , source_difference , 6192000.0 , 61
mysql , source_page , 9288000.0 , 29
mysql , sql , 9323424.0 , 80
mysql , static , 3707460.0 , 31
mysql , statistics_page , 1.2384E7 , 62
mysql , subsystem_graph , 7425240.0 , 31
mysql , subsystem_page , 7430400.0 , 42
mysql , subsystems , 1.485048E7 , 30
mysql , version_mngt , 1.237626E7 , 60
mysql , visualizations , 1.7343408E7 , 20
mysql , with_history , 6192000.0 , 60
mysql , without_history , 6192000.0 , 20
oracle , overview_graph , 9280260.0 , 60
oracle , parameters_section , 9288000.0 , 30
oracle , perform_graph , 8287488.0 , 60
oracle , presentation , 1.856052E7 , 30
oracle , program_page , 1.71828E7 , 50
oracle , progress , 9323424.0 , 30
oracle , search_page , 7430400.0 , 48
oracle , source_difference , 6192000.0 , 26
oracle , source_page , 9288000.0 , 62
oracle , sql , 9323424.0 , 27
oracle , static , 3707460.0 , 60
oracle , statistics_page , 1.2384E7 , 28
oracle , subsystem_graph , 7425240.0 , 58
oracle , subsystem_page , 7430400.0 , 25
oracle , subsystems , 1.485048E7 , 59
oracle , version_mngt , 1.237626E7 , 24
oracle , visualizations , 1.7343408E7 , 58
oracle , with_history , 6192000.0 , 25
oracle , without_history , 6192000.0 , 58
overview_graph , parameters_section , 1.3932E7 , 22
overview_graph , perform_graph , 1.2431232E7 , 56
overview_graph , presentation , 2.784078E7 , 23
overview_graph , program_page , 2.57742E7 , 54
overview_graph , progress , 1.3985136E7 , 25
overview_graph , search_page , 1.11456E7 , 55
overview_graph , source_difference , 9288000.0 , 23
overview_graph , source_page , 1.3932E7 , 57
overview_graph , sql , 1.3985136E7 , 23
overview_graph , static , 5561190.0 , 58
overview_graph , statistics_page , 1.8576E7 , 24
overview_graph , subsystem_graph , 1.113786E7 , 57
overview_graph , subsystem_page , 1.11456E7 , 24
overview_graph , subsystems , 2.227572E7 , 57
overview_graph , version_mngt , 1.856439E7 , 23
overview_graph , visualizations , 2.784078E7 , 57
overview_graph , with_history , 9288000.0 , 23
overview_graph , without_history , 9288000.0 , 72
parameters_section , perform_graph , 1.24416E7 , 25
parameters_section , presentation , 2.7864E7 , 64
parameters_section , program_page , 2.7864E7 , 26
parameters_section , progress , 1.39968E7 , 69
parameters_section , search_page , 1.11456E7 , 24
parameters_section , source_difference , 9288000.0 , 64
parameters_section , source_page , 1.3932E7 , 29
parameters_section , sql , 1.39968E7 , 58
parameters_section , static , 5572800.0 , 22
parameters_section , statistics_page , 1.8576E7 , 56
parameters_section , subsystem_graph , 1.11456E7 , 21
parameters_section , subsystem_page , 1.11456E7 , 54
parameters_section , subsystems , 2.22912E7 , 21
parameters_section , version_mngt , 1.8576E7 , 53
parameters_section , visualizations , 2.603664E7 , 22
parameters_section , with_history , 9288000.0 , 55
parameters_section , without_history , 9288000.0 , 21
perform_graph , presentation , 2.4862464E7 , 55
perform_graph , program_page , 2.301696E7 , 29
perform_graph , progress , 1.2431232E7 , 36
perform_graph , search_page , 9953280.0 , 22
perform_graph , source_difference , 8294400.0 , 59
perform_graph , source_page , 1.24416E7 , 22
perform_graph , sql , 1.2431232E7 , 56
perform_graph , static , 4966272.0 , 22
perform_graph , statistics_page , 1.65888E7 , 55
perform_graph , subsystem_graph , 9946368.0 , 21
perform_graph , subsystem_page , 9953280.0 , 54
perform_graph , subsystems , 1.9892736E7 , 22
perform_graph , version_mngt , 1.6578432E7 , 56
perform_graph , visualizations , 2.4862464E7 , 22
perform_graph , with_history , 8294400.0 , 54
perform_graph , without_history , 8294400.0 , 21
presentation , program_page , 5.15484E7 , 56
presentation , progress , 2.7970272E7 , 25
presentation , search_page , 2.22912E7 , 56
presentation , source_difference , 1.8576E7 , 24
presentation , source_page , 2.7864E7 , 58
presentation , sql , 2.7970272E7 , 24
presentation , static , 1.112238E7 , 56
presentation , statistics_page , 3.7152E7 , 25
presentation , subsystem_graph , 2.227572E7 , 55
presentation , subsystem_page , 2.22912E7 , 23
presentation , subsystems , 4.455144E7 , 56
presentation , version_mngt , 3.712878E7 , 22
presentation , visualizations , 5.2030224E7 , 56
presentation , with_history , 1.8576E7 , 24
presentation , without_history , 1.8576E7 , 56
program_page , progress , 2.589408E7 , 23
program_page , search_page , 2.0898E7 , 57
program_page , source_difference , 1.71828E7 , 23
program_page , source_page , 2.57742E7 , 56
program_page , sql , 2.589408E7 , 22
program_page , static , 9752400.0 , 55
program_page , statistics_page , 3.43656E7 , 23
program_page , subsystem_graph , 2.061936E7 , 55
program_page , subsystem_page , 2.061936E7 , 23
program_page , subsystems , 4.123872E7 , 55
program_page , version_mngt , 3.43656E7 , 21
program_page , visualizations , 4.8167784E7 , 55
program_page , with_history , 1.71828E7 , 23
program_page , without_history , 1.71828E7 , 55
progress , search_page , 1.119744E7 , 25
progress , source_difference , 9331200.0 , 57
progress , source_page , 1.39968E7 , 27
progress , sql , 1.3985136E7 , 59
progress , static , 5587056.0 , 25
progress , statistics_page , 1.86624E7 , 59
progress , subsystem_graph , 1.1189664E7 , 24
progress , subsystem_page , 1.119744E7 , 57
progress , subsystems , 2.2379328E7 , 46
progress , version_mngt , 1.8650736E7 , 34
progress , visualizations , 2.610576E7 , 25
progress , with_history , 9331200.0 , 58
progress , without_history , 9331200.0 , 26
search_page , source_difference , 7430400.0 , 55
search_page , source_page , 1.11456E7 , 24
search_page , sql , 1.119744E7 , 55
search_page , static , 0.0 , 21
search_page , statistics_page , 1.48608E7 , 57
search_page , subsystem_graph , 8916480.0 , 22
search_page , subsystem_page , 8916480.0 , 54
search_page , subsystems , 1.783296E7 , 23
search_page , version_mngt , 1.48608E7 , 54
search_page , visualizations , 2.0829312E7 , 22
search_page , with_history , 7430400.0 , 56
search_page , without_history , 7430400.0 , 22
source_difference , source_page , 9288000.0 , 58
source_difference , sql , 9331200.0 , 24
source_difference , static , 3715200.0 , 57
source_difference , statistics_page , 1.2384E7 , 24
source_difference , subsystem_graph , 7430400.0 , 55
source_difference , subsystem_page , 7430400.0 , 23
source_difference , subsystems , 1.48608E7 , 56
source_difference , version_mngt , 1.8576E7 , 24
source_difference , visualizations , 1.735776E7 , 56
source_difference , with_history , 6192000.0 , 24
source_difference , without_history , 6192000.0 , 71
source_page , sql , 1.39968E7 , 11
source_page , static , 5572800.0 , 58
source_page , statistics_page , 1.8576E7 , 26
source_page , subsystem_graph , 1.11456E7 , 57
source_page , subsystem_page , 1.11456E7 , 25
source_page , subsystems , 2.22912E7 , 58
source_page , version_mngt , 1.8576E7 , 24
source_page , visualizations , 2.603664E7 , 61
source_page , with_history , 9288000.0 , 26
source_page , without_history , 9288000.0 , 59
sql , static , 5587056.0 , 26
sql , statistics_page , 1.86624E7 , 60
sql , subsystem_graph , 1.1189664E7 , 25
sql , subsystem_page , 1.119744E7 , 60
sql , subsystems , 2.2379328E7 , 25
sql , version_mngt , 1.8650736E7 , 58
sql , visualizations , 2.610576E7 , 25
sql , with_history , 9331200.0 , 60
sql , without_history , 9331200.0 , 26
static , statistics_page , 7430400.0 , 59
static , subsystem_graph , 4450500.0 , 24
static , subsystem_page , 4458240.0 , 57
static , subsystems , 8901000.0 , 25
static , version_mngt , 7418790.0 , 68
static , visualizations , 1.0393128E7 , 21
static , with_history , 3715200.0 , 52
static , without_history , 3715200.0 , 25
statistics_page , subsystem_graph , 1.48608E7 , 59
statistics_page , subsystem_page , 1.48608E7 , 24
statistics_page , subsystems , 2.97216E7 , 58
statistics_page , version_mngt , 2.4768E7 , 25
statistics_page , visualizations , 3.471552E7 , 60
statistics_page , with_history , 1.8576E7 , 25
statistics_page , without_history , 1.8576E7 , 59
subsystem_graph , subsystem_page , 1.11456E7 , 23
subsystem_graph , subsystems , 2.227572E7 , 59
subsystem_graph , version_mngt , 1.485306E7 , 23
subsystem_graph , visualizations , 2.227572E7 , 57
subsystem_graph , with_history , 7430400.0 , 24
subsystem_graph , without_history , 7430400.0 , 58
subsystem_page , subsystems , 2.22912E7 , 23
subsystem_page , version_mngt , 1.48608E7 , 58
subsystem_page , visualizations , 2.107296E7 , 23
subsystem_page , with_history , 7430400.0 , 57
subsystem_page , without_history , 7430400.0 , 23
subsystems , version_mngt , 2.970612E7 , 57
subsystems , visualizations , 4.2116652E7 , 24
subsystems , with_history , 1.48608E7 , 59
subsystems , without_history , 1.48608E7 , 23
version_mngt , visualizations , 3.4693992E7 , 66
version_mngt , with_history , 1.2384E7 , 15
version_mngt , without_history , 1.2384E7 , 58
visualizations , with_history , 1.735776E7 , 23
visualizations , without_history , 1.735776E7 , 57
with_history , without_history , 0.0 , 22
39901,946
